gender,age,resident_type,cyber_awareness,password_strength,antivirus,socialmedia,occupation,internet_usage,cybercrime_victim,crime,found_solution,reported_crime,not_repoted_reason
F,10,CITY,YES,STRONG,YES,YES,STUDENT,LESS THAN 1 HOUR,NO,NO,NA,NA,NA
M,30,VILLAGE,NO,WEAK,NO,NO,STUDENT,2-3 HOURS,YES,CYBER BULLYING,NO,NO,WAS AFRAID
F,24,CITY,NO,STRONG,YES,YES,SELF EMPLOYED,LESS THAN 1 HOUR,YES,ACCOUNT HACKING/IDENTITY THEFT,NO,NO,DON’T KNOW HOW TO REPORT
F,31,CITY,YES,STRONG,YES,YES,GOV/IT EMPLOYEE,LESS THAN 1 HOUR,NO,NO,NA,NA,NA
F,45,CITY,YES,STRONG,YES,YES,GOV/IT EMPLOYEE,LESS THAN 1 HOUR,NO,NO,NA,NA,NA
F,51,CITY,YES,STRONG,YES,YES,GOV/IT EMPLOYEE,GREATER THAN 3 HOURS,NO,NO,NA,NA,NA
F,60,CITY,YES,STRONG,YES,YES,UN EMPLOYED,LESS THAN 1 HOUR,YES,PSYCO/PEVERT,NO,YES,WAS AFRAID
F,8,CITY,NO,WEAK,NO,YES,STUDENT,LESS THAN 1 HOUR,YES,CYBER BULLYING,NO,YES,WAS AFRAID
F,9,CITY,NO,WEAK,NO,YES,STUDENT,LESS THAN 1 HOUR,YES,CYBER BULLYING,YES,YES,WAS AFRAID
F,7,CITY,NO,WEAK,NO,YES,STUDENT,LESS THAN 1 HOUR,YES,CYBER BULLYING,YES,YES,WAS AFRAID
F,9,CITY,NO,WEAK,NO,YES,STUDENT,LESS THAN 1 HOUR,YES,CYBER BULLYING,NO,YES,WAS AFRAID
F,10,CITY,NO,WEAK,NO,YES,STUDENT,LESS THAN 1 HOUR,YES,CYBER BULLYING,YES,YES,WAS AFRAID
F,8,CITY,NO,WEAK,NO,YES,STUDENT,LESS THAN 1 HOUR,YES,PHISHING,YES,YES,WAS AFRAID
F,9,CITY,NO,WEAK,NO,YES,STUDENT,LESS THAN 1 HOUR,YES,PSYCO/PEVERT,NO,YES,WAS AFRAID
F,7,CITY,NO,WEAK,NO,YES,STUDENT,LESS THAN 1 HOUR,YES,PSYCO/PEVERT,YES,YES,WAS AFRAID
F,9,CITY,NO,WEAK,NO,YES,STUDENT,LESS THAN 1 HOUR,YES,PSYCO/PEVERT,YES,YES,WAS AFRAID
F,10,CITY,NO,WEAK,NO,YES,STUDENT,LESS THAN 1 HOUR,YES,PSYCO/PEVERT,YES,YES,WAS AFRAID
F,8,CITY,NO,WEAK,YES,YES,STUDENT,LESS THAN 1 HOUR,YES,PHISHING,YES,YES,WAS AFRAID
F,9,CITY,NO,WEAK,YES,YES,STUDENT,LESS THAN 1 HOUR,YES,PHISHING,YES,NO,DON’T KNOW HOW TO REPORT
F,7,CITY,NO,WEAK,YES,NO,STUDENT,LESS THAN 1 HOUR,YES,ACCOUNT HACKING/IDENTITY THEFT,YES,YES,WAS AFRAID
F,9,CITY,NO,WEAK,YES,NO,STUDENT,LESS THAN 1 HOUR,YES,ACCOUNT HACKING/IDENTITY THEFT,YES,YES,WAS AFRAID
F,10,CITY,NO,WEAK,YES,YES,STUDENT,LESS THAN 1 HOUR,YES,ACCOUNT HACKING/IDENTITY THEFT,YES,NO,DON’T KNOW HOW TO REPORT
F,8,CITY,NO,WEAK,YES,YES,STUDENT,LESS THAN 1 HOUR,YES,ACCOUNT HACKING/IDENTITY THEFT,YES,YES,WAS AFRAID
F,9,CITY,NO,WEAK,YES,YES,STUDENT,2-3 HOURS,YES,ACCOUNT HACKING/IDENTITY THEFT,YES,YES,WAS AFRAID
F,7,CITY,NO,WEAK,YES,YES,STUDENT,2-3 HOURS,YES,ACCOUNT HACKING/IDENTITY THEFT,YES,YES,WAS AFRAID
F,9,CITY,NO,WEAK,YES,YES,STUDENT,GREATER THAN 3 HOURS,YES,ACCOUNT HACKING/IDENTITY THEFT,YES,YES,WAS AFRAID
F,10,CITY,NO,WEAK,YES,YES,STUDENT,GREATER THAN 3 HOURS,YES,ACCOUNT HACKING/IDENTITY THEFT,NO,YES,DON’T KNOW HOW TO REPORT
F,8,CITY,NO,WEAK,YES,YES,STUDENT,GREATER THAN 3 HOURS,NO,NO,NA,NA,NA
F,9,CITY,NO,WEAK,YES,YES,STUDENT,GREATER THAN 3 HOURS,NO,NO,NA,NA,NA
F,7,CITY,NO,WEAK,YES,YES,STUDENT,GREATER THAN 3 HOURS,NO,NO,NA,NA,NA
F,9,CITY,NO,WEAK,YES,YES,STUDENT,LESS THAN 1 HOUR,YES,CYBER BULLYING,YES,YES,DON’T KNOW HOW TO REPORT
F,10,CITY,NO,WEAK,YES,YES,STUDENT,LESS THAN 1 HOUR,YES,CYBER BULLYING,YES,YES,DON’T KNOW HOW TO REPORT
F,8,CITY,NO,WEAK,YES,YES,STUDENT,LESS THAN 1 HOUR,YES,CYBER BULLYING,YES,YES,DON’T KNOW HOW TO REPORT
F,9,CITY,NO,STRONG,YES,YES,STUDENT,GREATER THAN 3 HOURS,NO,NO,NA,NA,NA
F,7,CITY,NO,STRONG,YES,YES,STUDENT,GREATER THAN 3 HOURS,NO,NO,NA,NA,NA
F,9,CITY,NO,STRONG,YES,YES,STUDENT,GREATER THAN 3 HOURS,NO,NO,NA,NA,NA
F,10,CITY,NO,WEAK,YES,YES,STUDENT,GREATER THAN 3 HOURS,NO,NO,NA,NA,NA
F,8,CITY,NO,WEAK,YES,YES,STUDENT,GREATER THAN 3 HOURS,YES,CYBER BULLYING,YES,YES,DON’T KNOW HOW TO REPORT
F,9,CITY,NO,WEAK,YES,YES,STUDENT,GREATER THAN 3 HOURS,YES,CYBER BULLYING,YES,YES,DON’T KNOW HOW TO REPORT
F,7,CITY,NO,WEAK,YES,YES,STUDENT,GREATER THAN 3 HOURS,NO,NO,NA,NA,NA
F,9,CITY,NO,WEAK,YES,YES,STUDENT,GREATER THAN 3 HOURS,NO,NO,NA,NA,NA
F,10,CITY,NO,WEAK,YES,YES,STUDENT,GREATER THAN 3 HOURS,NO,NO,NA,NA,NA
F,8,CITY,NO,WEAK,YES,YES,STUDENT,GREATER THAN 3 HOURS,NO,NO,NA,NA,NA
F,9,CITY,NO,WEAK,YES,YES,STUDENT,GREATER THAN 3 HOURS,NO,NO,NA,NA,NA
F,7,CITY,NO,WEAK,YES,YES,STUDENT,GREATER THAN 3 HOURS,NO,NO,NA,NA,NA
F,9,CITY,NO,WEAK,YES,YES,STUDENT,LESS THAN 1 HOUR,YES,CYBER BULLYING,NO,YES,DON’T KNOW HOW TO REPORT
F,10,CITY,NO,WEAK,NO,YES,STUDENT,LESS THAN 1 HOUR,YES,CYBER BULLYING,NO,YES,DON’T KNOW HOW TO REPORT
F,8,CITY,NO,STRONG,YES,YES,STUDENT,LESS THAN 1 HOUR,YES,CYBER BULLYING,NO,YES,DON’T KNOW HOW TO REPORT
F,9,CITY,NO,STRONG,YES,YES,STUDENT,LESS THAN 1 HOUR,YES,CYBER BULLYING,NO,YES,DON’T KNOW HOW TO REPORT
F,11,CITY,NO,STRONG,YES,YES,UN EMPLOYED,LESS THAN 1 HOUR,YES,ACCOUNT HACKING/IDENTITY THEFT,NO,YES,DON’T KNOW HOW TO REPORT
F,12,CITY,NO,STRONG,YES,YES,UN EMPLOYED,LESS THAN 1 HOUR,YES,PHISHING,NO,YES,DON’T KNOW HOW TO REPORT
F,13,CITY,NO,STRONG,YES,YES,UN EMPLOYED,LESS THAN 1 HOUR,YES,PHISHING,NO,YES,DON’T KNOW HOW TO REPORT
F,14,CITY,NO,STRONG,YES,YES,UN EMPLOYED,LESS THAN 1 HOUR,YES,PHISHING,NO,YES,DON’T KNOW HOW TO REPORT
F,15,CITY,NO,STRONG,YES,YES,UN EMPLOYED,LESS THAN 1 HOUR,YES,PHISHING,NO,YES,DON’T KNOW HOW TO REPORT
F,16,CITY,NO,STRONG,YES,YES,UN EMPLOYED,LESS THAN 1 HOUR,YES,PHISHING,NO,YES,DON’T KNOW HOW TO REPORT
F,17,CITY,NO,WEAK,NO,YES,UN EMPLOYED,LESS THAN 1 HOUR,YES,PSYCO/PEVERT,NO,YES,DON’T KNOW HOW TO REPORT
F,18,CITY,NO,WEAK,NO,YES,UN EMPLOYED,GREATER THAN 3 HOURS,NO,NO,NA,NA,NA
M,19,CITY,NO,WEAK,NO,YES,UN EMPLOYED,GREATER THAN 3 HOURS,NO,NO,NA,NA,NA
M,20,CITY,NO,WEAK,NO,YES,UN EMPLOYED,GREATER THAN 3 HOURS,NO,NO,NA,NA,NA
M,11,CITY,NO,WEAK,NO,YES,UN EMPLOYED,GREATER THAN 3 HOURS,YES,PHISHING,NO,YES,DON’T KNOW HOW TO REPORT
M,12,CITY,NO,WEAK,NO,YES,UN EMPLOYED,GREATER THAN 3 HOURS,YES,PHISHING,NO,NO,WAS AFRAID
M,13,CITY,NO,WEAK,NO,YES,UN EMPLOYED,GREATER THAN 3 HOURS,YES,PHISHING,NO,NO,DON’T KNOW HOW TO REPORT
M,14,CITY,NO,WEAK,NO,YES,UN EMPLOYED,GREATER THAN 3 HOURS,YES,PHISHING,NO,NO,DON’T KNOW HOW TO REPORT
M,15,CITY,YES,STRONG,YES,YES,STUDENT,GREATER THAN 3 HOURS,NO,NO,NA,NA,NA
M,16,CITY,YES,STRONG,YES,YES,STUDENT,GREATER THAN 3 HOURS,NO,NO,NA,NA,NA
M,17,CITY,YES,STRONG,YES,YES,STUDENT,GREATER THAN 3 HOURS,NO,NO,NA,NA,NA
M,18,CITY,YES,STRONG,YES,YES,STUDENT,GREATER THAN 3 HOURS,NO,NO,NA,NA,NA
M,19,CITY,YES,STRONG,YES,YES,STUDENT,GREATER THAN 3 HOURS,NO,NO,NA,NA,NA
M,20,CITY,YES,STRONG,YES,YES,STUDENT,GREATER THAN 3 HOURS,NO,NO,NA,NA,NA
M,11,CITY,YES,STRONG,YES,YES,STUDENT,GREATER THAN 3 HOURS,NO,NO,NA,NA,NA
M,12,CITY,YES,STRONG,YES,YES,STUDENT,GREATER THAN 3 HOURS,NO,NO,NA,NA,NA
M,13,CITY,YES,STRONG,YES,YES,STUDENT,GREATER THAN 3 HOURS,NO,NO,NA,NA,NA
M,14,CITY,YES,STRONG,YES,YES,STUDENT,GREATER THAN 3 HOURS,NO,NO,NA,NA,NA
F,15,CITY,YES,STRONG,YES,YES,STUDENT,GREATER THAN 3 HOURS,YES,PSYCO/PEVERT,NO,NO,DON’T KNOW HOW TO REPORT
F,16,CITY,YES,STRONG,YES,YES,STUDENT,GREATER THAN 3 HOURS,YES,PSYCO/PEVERT,NO,NO,DON’T KNOW HOW TO REPORT
F,17,CITY,YES,STRONG,YES,YES,STUDENT,GREATER THAN 3 HOURS,YES,PSYCO/PEVERT,NO,NO,DON’T KNOW HOW TO REPORT
F,18,CITY,YES,STRONG,YES,YES,STUDENT,GREATER THAN 3 HOURS,YES,PSYCO/PEVERT,NO,NO,DON’T KNOW HOW TO REPORT
F,19,CITY,YES,STRONG,YES,YES,STUDENT,GREATER THAN 3 HOURS,YES,PSYCO/PEVERT,NO,NO,DON’T KNOW HOW TO REPORT
F,20,CITY,YES,WEAK,NO,YES,STUDENT,GREATER THAN 3 HOURS,YES,PSYCO/PEVERT,YES,NO,DON’T KNOW HOW TO REPORT
F,11,CITY,YES,WEAK,NO,YES,STUDENT,GREATER THAN 3 HOURS,YES,PSYCO/PEVERT,YES,NO,WAS AFRAID
F,12,CITY,YES,WEAK,NO,YES,STUDENT,GREATER THAN 3 HOURS,YES,PSYCO/PEVERT,YES,NO,WAS AFRAID
F,13,CITY,YES,WEAK,NO,YES,STUDENT,GREATER THAN 3 HOURS,YES,PHISHING,YES,NO,WAS AFRAID
F,14,CITY,YES,WEAK,NO,YES,STUDENT,GREATER THAN 3 HOURS,YES,PHISHING,YES,NO,WAS AFRAID
F,15,CITY,YES,WEAK,NO,YES,STUDENT,GREATER THAN 3 HOURS,YES,PHISHING,YES,NO,WAS AFRAID
F,16,CITY,YES,WEAK,NO,YES,STUDENT,GREATER THAN 3 HOURS,YES,PHISHING,YES,NO,WAS AFRAID
F,17,CITY,YES,WEAK,NO,YES,STUDENT,GREATER THAN 3 HOURS,YES,ACCOUNT HACKING/IDENTITY THEFT,YES,NO,WAS AFRAID
F,18,CITY,YES,WEAK,NO,YES,STUDENT,GREATER THAN 3 HOURS,YES,ACCOUNT HACKING/IDENTITY THEFT,YES,NO,WAS AFRAID
F,19,CITY,YES,STRONG,YES,YES,STUDENT,GREATER THAN 3 HOURS,YES,PHISHING,YES,NO,WAS AFRAID
F,20,CITY,YES,STRONG,YES,YES,STUDENT,GREATER THAN 3 HOURS,YES,PHISHING,NO,NO,WAS AFRAID
F,11,CITY,YES,STRONG,YES,YES,STUDENT,GREATER THAN 3 HOURS,YES,PHISHING,NO,NO,WAS AFRAID
F,12,CITY,YES,WEAK,YES,YES,STUDENT,GREATER THAN 3 HOURS,YES,PHISHING,NO,NO,WAS AFRAID
F,13,CITY,YES,WEAK,YES,YES,STUDENT,GREATER THAN 3 HOURS,YES,PHISHING,NO,NO,WAS AFRAID
F,14,CITY,YES,WEAK,YES,YES,STUDENT,GREATER THAN 3 HOURS,YES,PHISHING,NO,NO,WAS AFRAID
F,15,CITY,YES,WEAK,YES,YES,STUDENT,GREATER THAN 3 HOURS,YES,PHISHING,NO,NO,WAS AFRAID
F,16,CITY,YES,WEAK,YES,YES,STUDENT,GREATER THAN 3 HOURS,YES,PHISHING,NO,NO,WAS AFRAID
F,17,CITY,YES,WEAK,YES,YES,STUDENT,GREATER THAN 3 HOURS,YES,PHISHING,NO,NO,DON’T KNOW HOW TO REPORT
F,18,CITY,YES,WEAK,YES,YES,STUDENT,GREATER THAN 3 HOURS,YES,PHISHING,NO,NO,DON’T KNOW HOW TO REPORT
F,19,CITY,YES,WEAK,YES,YES,STUDENT,GREATER THAN 3 HOURS,YES,PHISHING,NO,NO,DON’T KNOW HOW TO REPORT
F,20,CITY,YES,WEAK,YES,YES,STUDENT,GREATER THAN 3 HOURS,YES,PHISHING,NO,YES,DON’T KNOW HOW TO REPORT
F,11,CITY,YES,WEAK,YES,YES,STUDENT,GREATER THAN 3 HOURS,YES,PHISHING,NO,YES,DON’T KNOW HOW TO REPORT
F,12,CITY,YES,STRONG,YES,YES,STUDENT,GREATER THAN 3 HOURS,YES,MONEY THEFT,YES,YES,DON’T KNOW HOW TO REPORT
F,13,CITY,NO,STRONG,YES,YES,UN EMPLOYED,GREATER THAN 3 HOURS,YES,MONEY THEFT,YES,YES,DON’T KNOW HOW TO REPORT
F,14,CITY,NO,STRONG,YES,NO,UN EMPLOYED,GREATER THAN 3 HOURS,YES,MONEY THEFT,YES,YES,DON’T KNOW HOW TO REPORT
F,15,CITY,NO,STRONG,YES,NO,UN EMPLOYED,GREATER THAN 3 HOURS,YES,PHISHING,NO,NO,DON’T KNOW HOW TO REPORT
F,16,CITY,NO,STRONG,YES,NO,STUDENT,GREATER THAN 3 HOURS,YES,PHISHING,NO,NO,DON’T KNOW HOW TO REPORT
F,17,CITY,NO,STRONG,YES,NO,STUDENT,GREATER THAN 3 HOURS,YES,PHISHING,NO,NO,DON’T KNOW HOW TO REPORT
F,18,CITY,NO,STRONG,YES,NO,STUDENT,GREATER THAN 3 HOURS,YES,MONEY THEFT,YES,NO,DON’T KNOW HOW TO REPORT
F,19,CITY,NO,WEAK,NO,NO,STUDENT,GREATER THAN 3 HOURS,YES,MONEY THEFT,YES,NO,DON’T KNOW HOW TO REPORT
F,20,CITY,NO,WEAK,NO,NO,STUDENT,GREATER THAN 3 HOURS,YES,MONEY THEFT,YES,NO,DON’T KNOW HOW TO REPORT
F,11,CITY,NO,WEAK,NO,NO,STUDENT,GREATER THAN 3 HOURS,YES,MONEY THEFT,YES,NO,DON’T KNOW HOW TO REPORT
F,12,CITY,NO,WEAK,NO,NO,STUDENT,GREATER THAN 3 HOURS,YES,PHISHING,NO,NO,DON’T KNOW HOW TO REPORT
F,13,CITY,NO,STRONG,YES,NO,STUDENT,GREATER THAN 3 HOURS,YES,PHISHING,NO,NO,DON’T KNOW HOW TO REPORT
F,14,CITY,NO,STRONG,YES,NO,STUDENT,GREATER THAN 3 HOURS,YES,MONEY THEFT,YES,NO,DON’T KNOW HOW TO REPORT
F,15,CITY,NO,STRONG,YES,NO,STUDENT,GREATER THAN 3 HOURS,YES,MONEY THEFT,YES,NO,DON’T KNOW HOW TO REPORT
F,16,CITY,NO,STRONG,YES,NO,STUDENT,GREATER THAN 3 HOURS,YES,MONEY THEFT,YES,YES,DON’T KNOW HOW TO REPORT
F,17,CITY,NO,STRONG,YES,NO,STUDENT,GREATER THAN 3 HOURS,YES,MONEY THEFT,YES,YES,DON’T KNOW HOW TO REPORT
F,18,CITY,NO,STRONG,YES,NO,STUDENT,GREATER THAN 3 HOURS,YES,MONEY THEFT,YES,YES,DON’T KNOW HOW TO REPORT
F,19,CITY,NO,STRONG,YES,NO,STUDENT,GREATER THAN 3 HOURS,YES,MONEY THEFT,YES,YES,DON’T KNOW HOW TO REPORT
F,20,CITY,NO,STRONG,YES,YES,STUDENT,GREATER THAN 3 HOURS,YES,PHISHING,NO,YES,DON’T KNOW HOW TO REPORT
F,11,CITY,NO,WEAK,NO,YES,STUDENT,GREATER THAN 3 HOURS,YES,PHISHING,NO,YES,DON’T KNOW HOW TO REPORT
F,12,CITY,NO,WEAK,NO,YES,STUDENT,GREATER THAN 3 HOURS,YES,PHISHING,NO,YES,DON’T KNOW HOW TO REPORT
F,13,CITY,NO,WEAK,NO,YES,STUDENT,GREATER THAN 3 HOURS,YES,PHISHING,NO,YES,DON’T KNOW HOW TO REPORT
F,14,CITY,NO,WEAK,NO,YES,STUDENT,GREATER THAN 3 HOURS,YES,PHISHING,NO,YES,DON’T KNOW HOW TO REPORT
F,15,CITY,NO,WEAK,NO,YES,STUDENT,GREATER THAN 3 HOURS,YES,PHISHING,NO,YES,DON’T KNOW HOW TO REPORT
F,16,CITY,NO,WEAK,NO,YES,STUDENT,GREATER THAN 3 HOURS,YES,PHISHING,NO,YES,DON’T KNOW HOW TO REPORT
F,17,CITY,NO,WEAK,NO,NO,STUDENT,GREATER THAN 3 HOURS,YES,PHISHING,NO,YES,DON’T KNOW HOW TO REPORT
F,18,CITY,NO,WEAK,NO,NO,STUDENT,GREATER THAN 3 HOURS,YES,PHISHING,NO,YES,DON’T KNOW HOW TO REPORT
F,19,CITY,NO,WEAK,NO,NO,STUDENT,GREATER THAN 3 HOURS,YES,PHISHING,NO,YES,DON’T KNOW HOW TO REPORT
F,20,CITY,NO,WEAK,NO,NO,STUDENT,GREATER THAN 3 HOURS,YES,PHISHING,NO,YES,DON’T KNOW HOW TO REPORT
F,11,CITY,NO,WEAK,NO,NO,STUDENT,GREATER THAN 3 HOURS,YES,PHISHING,YES,YES,DON’T KNOW HOW TO REPORT
F,12,CITY,NO,WEAK,NO,NO,STUDENT,GREATER THAN 3 HOURS,YES,PHISHING,YES,YES,DON’T KNOW HOW TO REPORT
F,13,CITY,NO,WEAK,NO,NO,STUDENT,GREATER THAN 3 HOURS,YES,PHISHING,YES,YES,DON’T KNOW HOW TO REPORT
F,14,CITY,NO,STRONG,YES,NO,STUDENT,GREATER THAN 3 HOURS,YES,PHISHING,YES,YES,DON’T KNOW HOW TO REPORT
F,15,CITY,NO,STRONG,YES,NO,STUDENT,GREATER THAN 3 HOURS,YES,PHISHING,NO,YES,DON’T KNOW HOW TO REPORT
F,16,CITY,NO,STRONG,YES,NO,STUDENT,GREATER THAN 3 HOURS,YES,PHISHING,NO,YES,DON’T KNOW HOW TO REPORT
F,17,CITY,NO,STRONG,YES,YES,STUDENT,GREATER THAN 3 HOURS,YES,PHISHING,NO,YES,DON’T KNOW HOW TO REPORT
F,18,CITY,YES,STRONG,YES,YES,STUDENT,GREATER THAN 3 HOURS,YES,PHISHING,NO,YES,DON’T KNOW HOW TO REPORT
F,19,CITY,YES,STRONG,YES,YES,STUDENT,GREATER THAN 3 HOURS,YES,PHISHING,NO,YES,DON’T KNOW HOW TO REPORT
F,20,CITY,YES,STRONG,YES,YES,STUDENT,GREATER THAN 3 HOURS,YES,PSYCO/PEVERT,NO,YES,DON’T KNOW HOW TO REPORT
F,18,CITY,YES,STRONG,YES,YES,STUDENT,GREATER THAN 3 HOURS,YES,PSYCO/PEVERT,NO,NO,DON’T KNOW HOW TO REPORT
F,19,CITY,YES,WEAK,NO,YES,STUDENT,GREATER THAN 3 HOURS,YES,PSYCO/PEVERT,NO,NO,DON’T KNOW HOW TO REPORT
F,20,CITY,YES,WEAK,NO,YES,STUDENT,GREATER THAN 3 HOURS,YES,PSYCO/PEVERT,NO,NO,DON’T KNOW HOW TO REPORT
F,11,CITY,NO,WEAK,NO,YES,STUDENT,GREATER THAN 3 HOURS,YES,ACCOUNT HACKING/IDENTITY THEFT,NO,NO,DON’T KNOW HOW TO REPORT
F,12,CITY,YES,WEAK,NO,YES,STUDENT,GREATER THAN 3 HOURS,YES,ACCOUNT HACKING/IDENTITY THEFT,NO,NO,DON’T KNOW HOW TO REPORT
F,13,CITY,YES,WEAK,NO,YES,STUDENT,GREATER THAN 3 HOURS,YES,ACCOUNT HACKING/IDENTITY THEFT,NO,NO,DON’T KNOW HOW TO REPORT
F,14,CITY,YES,WEAK,NO,YES,STUDENT,GREATER THAN 3 HOURS,YES,ACCOUNT HACKING/IDENTITY THEFT,NO,NO,DON’T KNOW HOW TO REPORT
F,15,CITY,YES,WEAK,NO,YES,STUDENT,GREATER THAN 3 HOURS,YES,ACCOUNT HACKING/IDENTITY THEFT,NO,YES,DON’T KNOW HOW TO REPORT
F,16,CITY,YES,WEAK,NO,YES,STUDENT,GREATER THAN 3 HOURS,YES,ACCOUNT HACKING/IDENTITY THEFT,NO,YES,DON’T KNOW HOW TO REPORT
F,17,CITY,YES,WEAK,NO,YES,STUDENT,GREATER THAN 3 HOURS,YES,ACCOUNT HACKING/IDENTITY THEFT,NO,YES,DON’T KNOW HOW TO REPORT
F,18,CITY,YES,WEAK,NO,YES,STUDENT,GREATER THAN 3 HOURS,YES,ACCOUNT HACKING/IDENTITY THEFT,NO,YES,DON’T KNOW HOW TO REPORT
F,15,CITY,YES,WEAK,NO,YES,STUDENT,GREATER THAN 3 HOURS,YES,ACCOUNT HACKING/IDENTITY THEFT,NO,YES,DON’T KNOW HOW TO REPORT
F,16,CITY,YES,WEAK,NO,YES,STUDENT,GREATER THAN 3 HOURS,YES,ACCOUNT HACKING/IDENTITY THEFT,NO,NO,DON’T KNOW HOW TO REPORT
F,17,CITY,YES,WEAK,NO,YES,STUDENT,GREATER THAN 3 HOURS,YES,SEXUAL EXPLOITATION,NO,NO,DON’T KNOW HOW TO REPORT
F,18,CITY,YES,WEAK,NO,YES,STUDENT,GREATER THAN 3 HOURS,YES,SEXUAL EXPLOITATION,NO,NO,DON’T KNOW HOW TO REPORT
F,19,CITY,YES,WEAK,NO,YES,STUDENT,GREATER THAN 3 HOURS,YES,SEXUAL EXPLOITATION,NO,NO,WAS AFRAID
F,20,CITY,YES,WEAK,NO,YES,STUDENT,GREATER THAN 3 HOURS,YES,SEXUAL EXPLOITATION,NO,NO,WAS AFRAID
F,11,CITY,YES,WEAK,NO,YES,STUDENT,LESS THAN 1 HOUR,YES,SEXUAL EXPLOITATION,YES,NO,WAS AFRAID
F,12,CITY,YES,WEAK,NO,YES,STUDENT,LESS THAN 1 HOUR,YES,SEXUAL EXPLOITATION,YES,NO,WAS AFRAID
F,13,CITY,YES,WEAK,NO,YES,STUDENT,LESS THAN 1 HOUR,YES,SEXUAL EXPLOITATION,YES,NO,WAS AFRAID
F,14,CITY,YES,WEAK,NO,YES,STUDENT,LESS THAN 1 HOUR,YES,ACCOUNT HACKING/IDENTITY THEFT,YES,NO,WAS AFRAID
F,15,CITY,YES,WEAK,NO,YES,STUDENT,LESS THAN 1 HOUR,YES,ACCOUNT HACKING/IDENTITY THEFT,YES,NO,WAS AFRAID
F,16,CITY,YES,WEAK,NO,YES,STUDENT,LESS THAN 1 HOUR,YES,ACCOUNT HACKING/IDENTITY THEFT,YES,NO,WAS AFRAID
F,17,CITY,YES,WEAK,NO,YES,STUDENT,LESS THAN 1 HOUR,YES,ACCOUNT HACKING/IDENTITY THEFT,YES,NO,WAS AFRAID
F,18,CITY,YES,WEAK,NO,YES,STUDENT,LESS THAN 1 HOUR,YES,ACCOUNT HACKING/IDENTITY THEFT,YES,NO,WAS AFRAID
F,19,CITY,YES,WEAK,NO,YES,STUDENT,LESS THAN 1 HOUR,YES,PHISHING,YES,NO,WAS AFRAID
F,20,CITY,YES,WEAK,NO,YES,STUDENT,LESS THAN 1 HOUR,YES,PHISHING,YES,NO,WAS AFRAID
F,18,CITY,YES,WEAK,NO,YES,STUDENT,LESS THAN 1 HOUR,YES,PHISHING,NO,NO,WAS AFRAID
F,19,CITY,YES,WEAK,NO,YES,STUDENT,GREATER THAN 3 HOURS,YES,PHISHING,NO,NO,WAS AFRAID
F,20,CITY,YES,WEAK,NO,YES,STUDENT,GREATER THAN 3 HOURS,YES,PHISHING,NO,NO,WAS AFRAID
F,11,CITY,YES,WEAK,NO,YES,STUDENT,GREATER THAN 3 HOURS,YES,PHISHING,NO,NO,WAS AFRAID
F,12,CITY,YES,WEAK,NO,YES,STUDENT,GREATER THAN 3 HOURS,YES,PHISHING,NO,NO,WAS AFRAID
F,13,CITY,YES,WEAK,NO,YES,STUDENT,GREATER THAN 3 HOURS,YES,PHISHING,NO,NO,WAS AFRAID
F,14,CITY,YES,WEAK,NO,YES,STUDENT,GREATER THAN 3 HOURS,YES,PHISHING,NO,NO,WAS AFRAID
F,15,CITY,YES,WEAK,NO,YES,STUDENT,GREATER THAN 3 HOURS,YES,PHISHING,NO,NO,WAS AFRAID
F,16,CITY,YES,WEAK,NO,YES,STUDENT,GREATER THAN 3 HOURS,YES,PHISHING,NO,NO,WAS AFRAID
F,17,CITY,YES,WEAK,NO,YES,STUDENT,GREATER THAN 3 HOURS,YES,PHISHING,NO,NO,WAS AFRAID
F,18,CITY,YES,WEAK,NO,YES,STUDENT,GREATER THAN 3 HOURS,YES,PHISHING,NO,NO,WAS AFRAID
F,15,CITY,YES,WEAK,NO,YES,STUDENT,GREATER THAN 3 HOURS,YES,SEXUAL EXPLOITATION,NO,NO,WAS AFRAID
F,16,CITY,YES,WEAK,NO,YES,STUDENT,GREATER THAN 3 HOURS,YES,SEXUAL EXPLOITATION,NO,NO,WAS AFRAID
F,17,CITY,YES,WEAK,NO,YES,STUDENT,GREATER THAN 3 HOURS,YES,SEXUAL EXPLOITATION,NO,NO,WAS AFRAID
F,18,CITY,YES,WEAK,NO,YES,STUDENT,GREATER THAN 3 HOURS,YES,SEXUAL EXPLOITATION,NO,NO,WAS AFRAID
F,19,CITY,YES,WEAK,NO,YES,STUDENT,GREATER THAN 3 HOURS,YES,ACCOUNT HACKING/IDENTITY THEFT,NO,NO,WAS AFRAID
F,20,CITY,YES,WEAK,NO,YES,STUDENT,GREATER THAN 3 HOURS,YES,ACCOUNT HACKING/IDENTITY THEFT,NO,NO,WAS AFRAID
F,11,CITY,YES,WEAK,NO,YES,STUDENT,GREATER THAN 3 HOURS,YES,ACCOUNT HACKING/IDENTITY THEFT,NO,NO,WAS AFRAID
F,12,CITY,YES,WEAK,NO,YES,STUDENT,GREATER THAN 3 HOURS,YES,ACCOUNT HACKING/IDENTITY THEFT,NO,NO,WAS AFRAID
F,13,CITY,YES,WEAK,NO,YES,STUDENT,GREATER THAN 3 HOURS,YES,ACCOUNT HACKING/IDENTITY THEFT,NO,NO,WAS AFRAID
F,14,CITY,YES,WEAK,NO,YES,STUDENT,GREATER THAN 3 HOURS,YES,ACCOUNT HACKING/IDENTITY THEFT,NO,NO,WAS AFRAID
F,15,CITY,YES,WEAK,NO,YES,STUDENT,GREATER THAN 3 HOURS,YES,ACCOUNT HACKING/IDENTITY THEFT,NO,NO,WAS AFRAID
F,16,CITY,YES,WEAK,NO,YES,STUDENT,GREATER THAN 3 HOURS,YES,ACCOUNT HACKING/IDENTITY THEFT,NO,NO,WAS AFRAID
F,17,CITY,YES,STRONG,YES,YES,STUDENT,GREATER THAN 3 HOURS,YES,ACCOUNT HACKING/IDENTITY THEFT,NO,YES,DON’T KNOW HOW TO REPORT
F,18,CITY,YES,STRONG,YES,YES,STUDENT,GREATER THAN 3 HOURS,YES,ACCOUNT HACKING/IDENTITY THEFT,NO,YES,DON’T KNOW HOW TO REPORT
F,21,CITY,YES,STRONG,YES,YES,UN EMPLOYED,GREATER THAN 3 HOURS,YES,ACCOUNT HACKING/IDENTITY THEFT,NO,YES,DON’T KNOW HOW TO REPORT
F,22,CITY,YES,STRONG,YES,YES,UN EMPLOYED,GREATER THAN 3 HOURS,YES,PHISHING,NO,YES,DON’T KNOW HOW TO REPORT
F,23,CITY,YES,STRONG,YES,YES,UN EMPLOYED,GREATER THAN 3 HOURS,YES,PHISHING,NO,YES,DON’T KNOW HOW TO REPORT
F,24,CITY,YES,STRONG,YES,YES,UN EMPLOYED,GREATER THAN 3 HOURS,YES,PHISHING,NO,NO,DON’T KNOW HOW TO REPORT
F,25,CITY,YES,STRONG,YES,YES,UN EMPLOYED,GREATER THAN 3 HOURS,YES,PHISHING,NO,NO,DON’T KNOW HOW TO REPORT
F,26,CITY,YES,STRONG,YES,YES,UN EMPLOYED,GREATER THAN 3 HOURS,YES,PHISHING,NO,NO,DON’T KNOW HOW TO REPORT
F,27,CITY,YES,STRONG,YES,YES,UN EMPLOYED,GREATER THAN 3 HOURS,YES,PHISHING,NO,NO,DON’T KNOW HOW TO REPORT
F,28,CITY,YES,STRONG,YES,YES,UN EMPLOYED,GREATER THAN 3 HOURS,YES,PHISHING,NO,NO,DON’T KNOW HOW TO REPORT
F,29,CITY,YES,STRONG,YES,YES,UN EMPLOYED,GREATER THAN 3 HOURS,YES,PHISHING,NO,NO,DON’T KNOW HOW TO REPORT
F,30,CITY,YES,STRONG,YES,YES,UN EMPLOYED,GREATER THAN 3 HOURS,YES,PHISHING,YES,YES,DON’T KNOW HOW TO REPORT
F,21,CITY,YES,STRONG,YES,YES,UN EMPLOYED,GREATER THAN 3 HOURS,YES,PHISHING,YES,YES,DON’T KNOW HOW TO REPORT
F,22,CITY,YES,STRONG,YES,YES,UN EMPLOYED,GREATER THAN 3 HOURS,YES,PHISHING,YES,YES,DON’T KNOW HOW TO REPORT
F,23,CITY,YES,STRONG,YES,YES,UN EMPLOYED,GREATER THAN 3 HOURS,YES,PHISHING,YES,YES,DON’T KNOW HOW TO REPORT
F,24,CITY,YES,STRONG,YES,YES,UN EMPLOYED,GREATER THAN 3 HOURS,YES,PHISHING,YES,YES,DON’T KNOW HOW TO REPORT
F,25,CITY,YES,STRONG,YES,YES,UN EMPLOYED,GREATER THAN 3 HOURS,YES,CYBER BULLYING,YES,YES,DON’T KNOW HOW TO REPORT
F,26,CITY,YES,STRONG,YES,YES,UN EMPLOYED,GREATER THAN 3 HOURS,YES,CYBER BULLYING,YES,YES,DON’T KNOW HOW TO REPORT
F,27,CITY,YES,STRONG,YES,YES,UN EMPLOYED,GREATER THAN 3 HOURS,YES,CYBER BULLYING,YES,YES,DON’T KNOW HOW TO REPORT
F,28,CITY,YES,STRONG,YES,YES,UN EMPLOYED,GREATER THAN 3 HOURS,YES,CYBER BULLYING,YES,YES,DON’T KNOW HOW TO REPORT
F,29,CITY,YES,WEAK,NO,YES,UN EMPLOYED,GREATER THAN 3 HOURS,YES,CYBER BULLYING,YES,YES,DON’T KNOW HOW TO REPORT
F,30,CITY,YES,WEAK,NO,YES,UN EMPLOYED,GREATER THAN 3 HOURS,YES,CYBER BULLYING,NO,YES,DON’T KNOW HOW TO REPORT
F,21,CITY,YES,WEAK,NO,YES,UN EMPLOYED,GREATER THAN 3 HOURS,YES,CYBER BULLYING,NO,YES,DON’T KNOW HOW TO REPORT
F,22,CITY,YES,WEAK,NO,YES,UN EMPLOYED,GREATER THAN 3 HOURS,YES,CYBER BULLYING,NO,YES,DON’T KNOW HOW TO REPORT
F,23,CITY,YES,WEAK,NO,YES,UN EMPLOYED,GREATER THAN 3 HOURS,YES,CYBER BULLYING,NO,YES,DON’T KNOW HOW TO REPORT
F,24,CITY,YES,WEAK,NO,YES,UN EMPLOYED,GREATER THAN 3 HOURS,YES,SEXUAL EXPLOITATION,NO,YES,DON’T KNOW HOW TO REPORT
F,25,CITY,YES,WEAK,NO,YES,UN EMPLOYED,GREATER THAN 3 HOURS,YES,SEXUAL EXPLOITATION,NO,YES,DON’T KNOW HOW TO REPORT
F,26,CITY,YES,WEAK,NO,YES,UN EMPLOYED,GREATER THAN 3 HOURS,YES,SEXUAL EXPLOITATION,NO,YES,DON’T KNOW HOW TO REPORT
F,27,CITY,YES,WEAK,NO,YES,UN EMPLOYED,GREATER THAN 3 HOURS,YES,SEXUAL EXPLOITATION,NO,YES,DON’T KNOW HOW TO REPORT
F,28,CITY,YES,WEAK,NO,YES,GOV/IT EMPLOYEE,GREATER THAN 3 HOURS,YES,SEXUAL EXPLOITATION,NO,YES,DON’T KNOW HOW TO REPORT
F,29,CITY,YES,WEAK,NO,YES,UN EMPLOYED,GREATER THAN 3 HOURS,YES,ACCOUNT HACKING/IDENTITY THEFT,NO,YES,DON’T KNOW HOW TO REPORT
F,30,CITY,YES,WEAK,YES,YES,UN EMPLOYED,GREATER THAN 3 HOURS,YES,ACCOUNT HACKING/IDENTITY THEFT,NO,YES,DON’T KNOW HOW TO REPORT
F,21,CITY,YES,WEAK,YES,YES,UN EMPLOYED,GREATER THAN 3 HOURS,YES,ACCOUNT HACKING/IDENTITY THEFT,NO,YES,DON’T KNOW HOW TO REPORT
F,22,CITY,YES,WEAK,YES,YES,UN EMPLOYED,GREATER THAN 3 HOURS,YES,ACCOUNT HACKING/IDENTITY THEFT,NO,YES,DON’T KNOW HOW TO REPORT
F,23,CITY,YES,WEAK,YES,YES,UN EMPLOYED,GREATER THAN 3 HOURS,YES,ACCOUNT HACKING/IDENTITY THEFT,NO,YES,DON’T KNOW HOW TO REPORT
F,24,CITY,YES,WEAK,YES,YES,UN EMPLOYED,GREATER THAN 3 HOURS,YES,ACCOUNT HACKING/IDENTITY THEFT,NO,YES,DON’T KNOW HOW TO REPORT
F,25,CITY,YES,WEAK,YES,YES,UN EMPLOYED,GREATER THAN 3 HOURS,YES,ACCOUNT HACKING/IDENTITY THEFT,NO,NO,WAS AFRAID
F,26,CITY,YES,WEAK,YES,YES,UN EMPLOYED,GREATER THAN 3 HOURS,YES,ACCOUNT HACKING/IDENTITY THEFT,NO,NO,WAS AFRAID
F,27,CITY,YES,WEAK,YES,YES,UN EMPLOYED,GREATER THAN 3 HOURS,YES,ACCOUNT HACKING/IDENTITY THEFT,NO,NO,WAS AFRAID
F,28,CITY,YES,WEAK,YES,YES,UN EMPLOYED,GREATER THAN 3 HOURS,YES,ACCOUNT HACKING/IDENTITY THEFT,NO,NO,WAS AFRAID
F,29,CITY,YES,WEAK,YES,YES,UN EMPLOYED,GREATER THAN 3 HOURS,YES,ACCOUNT HACKING/IDENTITY THEFT,NO,NO,WAS AFRAID
F,30,CITY,YES,STRONG,YES,YES,UN EMPLOYED,GREATER THAN 3 HOURS,YES,ACCOUNT HACKING/IDENTITY THEFT,NO,NO,WAS AFRAID
F,21,CITY,YES,STRONG,YES,YES,UN EMPLOYED,GREATER THAN 3 HOURS,YES,ACCOUNT HACKING/IDENTITY THEFT,NO,NO,WAS AFRAID
F,22,CITY,YES,STRONG,YES,YES,UN EMPLOYED,GREATER THAN 3 HOURS,YES,ACCOUNT HACKING/IDENTITY THEFT,NO,NO,WAS AFRAID
F,23,CITY,YES,STRONG,YES,YES,UN EMPLOYED,GREATER THAN 3 HOURS,YES,ACCOUNT HACKING/IDENTITY THEFT,NO,NO,WAS AFRAID
F,24,CITY,YES,STRONG,YES,YES,GOV/IT EMPLOYEE,GREATER THAN 3 HOURS,YES,ACCOUNT HACKING/IDENTITY THEFT,NO,NO,WAS AFRAID
F,25,CITY,YES,STRONG,YES,YES,GOV/IT EMPLOYEE,GREATER THAN 3 HOURS,YES,ACCOUNT HACKING/IDENTITY THEFT,NO,NO,DON’T KNOW HOW TO REPORT
F,26,CITY,YES,STRONG,YES,YES,GOV/IT EMPLOYEE,GREATER THAN 3 HOURS,YES,PSYCO/PEVERT,NO,NO,DON’T KNOW HOW TO REPORT
F,27,CITY,YES,STRONG,YES,YES,GOV/IT EMPLOYEE,GREATER THAN 3 HOURS,YES,PSYCO/PEVERT,NO,NO,DON’T KNOW HOW TO REPORT
F,28,CITY,YES,STRONG,YES,YES,GOV/IT EMPLOYEE,GREATER THAN 3 HOURS,YES,SEXUAL EXPLOITATION,NO,NO,DON’T KNOW HOW TO REPORT
F,29,CITY,YES,STRONG,YES,YES,GOV/IT EMPLOYEE,GREATER THAN 3 HOURS,YES,SEXUAL EXPLOITATION,NO,NO,DON’T KNOW HOW TO REPORT
F,30,CITY,YES,WEAK,NO,YES,GOV/IT EMPLOYEE,GREATER THAN 3 HOURS,YES,SEXUAL EXPLOITATION,NO,NO,DON’T KNOW HOW TO REPORT
F,21,CITY,YES,WEAK,NO,YES,GOV/IT EMPLOYEE,GREATER THAN 3 HOURS,YES,SEXUAL EXPLOITATION,NO,NO,DON’T KNOW HOW TO REPORT
F,22,CITY,YES,WEAK,NO,YES,GOV/IT EMPLOYEE,GREATER THAN 3 HOURS,YES,SEXUAL EXPLOITATION,NO,NO,DON’T KNOW HOW TO REPORT
F,23,CITY,YES,WEAK,NO,YES,GOV/IT EMPLOYEE,GREATER THAN 3 HOURS,YES,SEXUAL EXPLOITATION,YES,NO,DON’T KNOW HOW TO REPORT
F,24,CITY,YES,WEAK,NO,YES,GOV/IT EMPLOYEE,GREATER THAN 3 HOURS,YES,SEXUAL EXPLOITATION,YES,NO,WAS AFRAID
F,25,CITY,YES,WEAK,NO,YES,GOV/IT EMPLOYEE,GREATER THAN 3 HOURS,YES,SEXUAL EXPLOITATION,YES,NO,WAS AFRAID
F,26,CITY,YES,WEAK,NO,YES,GOV/IT EMPLOYEE,GREATER THAN 3 HOURS,YES,SEXUAL EXPLOITATION,YES,NO,WAS AFRAID
F,27,CITY,YES,WEAK,NO,YES,GOV/IT EMPLOYEE,GREATER THAN 3 HOURS,YES,CYBER BULLYING,YES,NO,WAS AFRAID
F,28,CITY,YES,WEAK,NO,YES,GOV/IT EMPLOYEE,GREATER THAN 3 HOURS,YES,CYBER BULLYING,YES,NO,WAS AFRAID
F,29,CITY,YES,WEAK,NO,YES,GOV/IT EMPLOYEE,GREATER THAN 3 HOURS,YES,CYBER BULLYING,YES,NO,WAS AFRAID
F,30,CITY,YES,WEAK,NO,YES,GOV/IT EMPLOYEE,GREATER THAN 3 HOURS,YES,CYBER BULLYING,YES,NO,WAS AFRAID
F,21,CITY,YES,WEAK,NO,YES,GOV/IT EMPLOYEE,GREATER THAN 3 HOURS,YES,CYBER BULLYING,YES,NO,WAS AFRAID
F,22,CITY,YES,STRONG,YES,YES,GOV/IT EMPLOYEE,GREATER THAN 3 HOURS,YES,CYBER BULLYING,YES,NO,WAS AFRAID
F,23,CITY,YES,STRONG,YES,YES,GOV/IT EMPLOYEE,GREATER THAN 3 HOURS,YES,CYBER BULLYING,NO,NO,WAS AFRAID
F,24,CITY,YES,STRONG,YES,YES,GOV/IT EMPLOYEE,GREATER THAN 3 HOURS,YES,CYBER BULLYING,NO,NO,WAS AFRAID
F,25,CITY,YES,STRONG,YES,YES,GOV/IT EMPLOYEE,GREATER THAN 3 HOURS,YES,CYBER BULLYING,NO,NO,WAS AFRAID
F,26,CITY,YES,STRONG,YES,YES,GOV/IT EMPLOYEE,GREATER THAN 3 HOURS,YES,SEXUAL EXPLOITATION,NO,NO,WAS AFRAID
F,27,CITY,YES,STRONG,YES,YES,GOV/IT EMPLOYEE,GREATER THAN 3 HOURS,YES,MONEY THEFT,YES,NO,WAS AFRAID
F,28,CITY,YES,STRONG,YES,YES,GOV/IT EMPLOYEE,GREATER THAN 3 HOURS,YES,ACCOUNT HACKING/IDENTITY THEFT,YES,NO,WAS AFRAID
F,29,CITY,YES,STRONG,YES,YES,GOV/IT EMPLOYEE,GREATER THAN 3 HOURS,YES,ACCOUNT HACKING/IDENTITY THEFT,YES,NO,DON’T KNOW HOW TO REPORT
F,30,CITY,YES,STRONG,YES,YES,GOV/IT EMPLOYEE,GREATER THAN 3 HOURS,YES,ACCOUNT HACKING/IDENTITY THEFT,YES,NO,DON’T KNOW HOW TO REPORT
F,21,CITY,YES,WEAK,YES,YES,GOV/IT EMPLOYEE,GREATER THAN 3 HOURS,YES,ACCOUNT HACKING/IDENTITY THEFT,YES,NO,DON’T KNOW HOW TO REPORT
F,22,CITY,YES,WEAK,YES,YES,SELF EMPLOYED,LESS THAN 1 HOUR,YES,ACCOUNT HACKING/IDENTITY THEFT,YES,YES,DON’T KNOW HOW TO REPORT
F,23,CITY,YES,WEAK,YES,YES,GOV/IT EMPLOYEE,LESS THAN 1 HOUR,YES,ACCOUNT HACKING/IDENTITY THEFT,YES,YES,DON’T KNOW HOW TO REPORT
F,24,CITY,YES,WEAK,YES,YES,GOV/IT EMPLOYEE,LESS THAN 1 HOUR,YES,ACCOUNT HACKING/IDENTITY THEFT,YES,YES,DON’T KNOW HOW TO REPORT
F,25,CITY,YES,WEAK,YES,YES,GOV/IT EMPLOYEE,LESS THAN 1 HOUR,YES,ACCOUNT HACKING/IDENTITY THEFT,YES,YES,DON’T KNOW HOW TO REPORT
F,26,CITY,YES,WEAK,YES,YES,GOV/IT EMPLOYEE,LESS THAN 1 HOUR,YES,ACCOUNT HACKING/IDENTITY THEFT,YES,YES,DON’T KNOW HOW TO REPORT
F,27,CITY,YES,WEAK,YES,YES,GOV/IT EMPLOYEE,LESS THAN 1 HOUR,YES,ACCOUNT HACKING/IDENTITY THEFT,YES,YES,DON’T KNOW HOW TO REPORT
F,28,CITY,YES,WEAK,YES,YES,GOV/IT EMPLOYEE,LESS THAN 1 HOUR,YES,ACCOUNT HACKING/IDENTITY THEFT,NO,YES,DON’T KNOW HOW TO REPORT
F,29,CITY,YES,WEAK,YES,YES,GOV/IT EMPLOYEE,LESS THAN 1 HOUR,YES,ACCOUNT HACKING/IDENTITY THEFT,NO,YES,DON’T KNOW HOW TO REPORT
F,30,CITY,YES,WEAK,YES,YES,GOV/IT EMPLOYEE,LESS THAN 1 HOUR,YES,ACCOUNT HACKING/IDENTITY THEFT,NO,YES,DON’T KNOW HOW TO REPORT
F,21,CITY,YES,STRONG,YES,YES,GOV/IT EMPLOYEE,LESS THAN 1 HOUR,YES,MONEY THEFT,YES,YES,DON’T KNOW HOW TO REPORT
F,22,CITY,YES,WEAK,NO,YES,GOV/IT EMPLOYEE,LESS THAN 1 HOUR,YES,MONEY THEFT,NO,YES,DON’T KNOW HOW TO REPORT
F,23,CITY,YES,WEAK,NO,YES,GOV/IT EMPLOYEE,GREATER THAN 3 HOURS,YES,MONEY THEFT,NO,YES,DON’T KNOW HOW TO REPORT
F,24,CITY,YES,WEAK,NO,YES,GOV/IT EMPLOYEE,GREATER THAN 3 HOURS,YES,MONEY THEFT,NO,YES,DON’T KNOW HOW TO REPORT
F,25,CITY,YES,WEAK,NO,YES,GOV/IT EMPLOYEE,GREATER THAN 3 HOURS,YES,MONEY THEFT,NO,YES,DON’T KNOW HOW TO REPORT
F,26,CITY,YES,WEAK,NO,YES,GOV/IT EMPLOYEE,GREATER THAN 3 HOURS,YES,MONEY THEFT,NO,YES,DON’T KNOW HOW TO REPORT
F,27,CITY,YES,WEAK,NO,YES,GOV/IT EMPLOYEE,GREATER THAN 3 HOURS,YES,SEXUAL EXPLOITATION,NO,YES,DON’T KNOW HOW TO REPORT
F,28,CITY,YES,WEAK,NO,YES,GOV/IT EMPLOYEE,GREATER THAN 3 HOURS,YES,SEXUAL EXPLOITATION,NO,YES,DON’T KNOW HOW TO REPORT
F,29,CITY,YES,WEAK,NO,YES,UN EMPLOYED,GREATER THAN 3 HOURS,YES,SEXUAL EXPLOITATION,NO,YES,DON’T KNOW HOW TO REPORT
F,30,CITY,YES,WEAK,NO,YES,UN EMPLOYED,GREATER THAN 3 HOURS,YES,SEXUAL EXPLOITATION,NO,YES,DON’T KNOW HOW TO REPORT
F,21,CITY,YES,WEAK,NO,YES,UN EMPLOYED,GREATER THAN 3 HOURS,YES,SEXUAL EXPLOITATION,NO,YES,DON’T KNOW HOW TO REPORT
F,22,CITY,YES,WEAK,NO,YES,UN EMPLOYED,GREATER THAN 3 HOURS,YES,SEXUAL EXPLOITATION,NO,YES,DON’T KNOW HOW TO REPORT
F,23,CITY,YES,WEAK,NO,YES,UN EMPLOYED,GREATER THAN 3 HOURS,YES,SEXUAL EXPLOITATION,NO,YES,DON’T KNOW HOW TO REPORT
F,24,CITY,YES,WEAK,NO,YES,UN EMPLOYED,GREATER THAN 3 HOURS,YES,SEXUAL EXPLOITATION,NO,YES,DON’T KNOW HOW TO REPORT
F,25,CITY,YES,WEAK,NO,YES,UN EMPLOYED,GREATER THAN 3 HOURS,YES,SEXUAL EXPLOITATION,NO,YES,DON’T KNOW HOW TO REPORT
F,26,CITY,YES,WEAK,NO,YES,UN EMPLOYED,GREATER THAN 3 HOURS,YES,MONEY THEFT,NO,YES,DON’T KNOW HOW TO REPORT
F,27,CITY,YES,WEAK,NO,YES,UN EMPLOYED,GREATER THAN 3 HOURS,YES,MONEY THEFT,NO,NO,WAS AFRAID
F,28,CITY,YES,WEAK,NO,YES,UN EMPLOYED,GREATER THAN 3 HOURS,YES,MONEY THEFT,NO,NO,WAS AFRAID
F,29,CITY,YES,WEAK,NO,YES,UN EMPLOYED,GREATER THAN 3 HOURS,YES,CYBER BULLYING,NO,NO,WAS AFRAID
F,30,CITY,YES,WEAK,NO,YES,UN EMPLOYED,GREATER THAN 3 HOURS,YES,CYBER BULLYING,NO,NO,WAS AFRAID
F,21,CITY,YES,WEAK,NO,YES,UN EMPLOYED,GREATER THAN 3 HOURS,YES,CYBER BULLYING,NO,NO,WAS AFRAID
F,22,CITY,YES,WEAK,NO,YES,UN EMPLOYED,GREATER THAN 3 HOURS,YES,CYBER BULLYING,NO,NO,WAS AFRAID
F,23,CITY,YES,WEAK,NO,YES,UN EMPLOYED,GREATER THAN 3 HOURS,YES,CYBER BULLYING,NO,NO,WAS AFRAID
F,24,CITY,YES,WEAK,NO,YES,GOV/IT EMPLOYEE,GREATER THAN 3 HOURS,YES,CYBER BULLYING,NO,NO,WAS AFRAID
F,25,CITY,YES,WEAK,NO,YES,GOV/IT EMPLOYEE,GREATER THAN 3 HOURS,YES,CYBER BULLYING,NO,NO,WAS AFRAID
F,26,CITY,YES,WEAK,NO,YES,GOV/IT EMPLOYEE,GREATER THAN 3 HOURS,YES,CYBER BULLYING,NO,NO,WAS AFRAID
F,27,CITY,YES,WEAK,NO,YES,GOV/IT EMPLOYEE,GREATER THAN 3 HOURS,YES,CYBER BULLYING,NO,NO,WAS AFRAID
F,28,CITY,YES,WEAK,NO,YES,GOV/IT EMPLOYEE,GREATER THAN 3 HOURS,YES,MONEY THEFT,NO,NO,WAS AFRAID
F,29,CITY,YES,WEAK,NO,YES,GOV/IT EMPLOYEE,GREATER THAN 3 HOURS,YES,MONEY THEFT,NO,NO,WAS AFRAID
F,30,CITY,NO,WEAK,NO,YES,GOV/IT EMPLOYEE,GREATER THAN 3 HOURS,YES,MONEY THEFT,YES,NO,WAS AFRAID
F,21,CITY,NO,WEAK,NO,YES,GOV/IT EMPLOYEE,GREATER THAN 3 HOURS,YES,SEXUAL EXPLOITATION,YES,NO,WAS AFRAID
F,22,CITY,NO,WEAK,NO,YES,GOV/IT EMPLOYEE,GREATER THAN 3 HOURS,YES,SEXUAL EXPLOITATION,YES,NO,WAS AFRAID
F,23,CITY,NO,WEAK,NO,YES,UN EMPLOYED,2-3 HOURS,YES,SEXUAL EXPLOITATION,YES,NO,WAS AFRAID
F,24,CITY,NO,WEAK,NO,YES,UN EMPLOYED,2-3 HOURS,YES,SEXUAL EXPLOITATION,YES,NO,WAS AFRAID
F,25,CITY,NO,WEAK,NO,YES,UN EMPLOYED,2-3 HOURS,YES,SEXUAL EXPLOITATION,YES,NO,WAS AFRAID
F,26,CITY,NO,WEAK,NO,YES,UN EMPLOYED,2-3 HOURS,YES,SEXUAL EXPLOITATION,YES,NO,WAS AFRAID
F,27,CITY,NO,WEAK,NO,YES,UN EMPLOYED,2-3 HOURS,YES,SEXUAL EXPLOITATION,YES,NO,WAS AFRAID
F,28,CITY,NO,WEAK,NO,YES,UN EMPLOYED,2-3 HOURS,YES,SEXUAL EXPLOITATION,YES,NO,WAS AFRAID
F,29,CITY,NO,WEAK,NO,YES,UN EMPLOYED,2-3 HOURS,YES,SEXUAL EXPLOITATION,YES,NO,WAS AFRAID
F,30,CITY,NO,WEAK,NO,YES,UN EMPLOYED,2-3 HOURS,YES,MONEY THEFT,YES,NO,WAS AFRAID
F,21,CITY,NO,WEAK,NO,YES,UN EMPLOYED,2-3 HOURS,YES,ACCOUNT HACKING/IDENTITY THEFT,YES,NO,WAS AFRAID
F,22,CITY,NO,WEAK,NO,YES,UN EMPLOYED,2-3 HOURS,YES,ACCOUNT HACKING/IDENTITY THEFT,YES,NO,WAS AFRAID
F,23,CITY,NO,WEAK,NO,YES,UN EMPLOYED,2-3 HOURS,YES,ACCOUNT HACKING/IDENTITY THEFT,YES,NO,WAS AFRAID
F,24,CITY,NO,WEAK,NO,YES,UN EMPLOYED,2-3 HOURS,YES,ACCOUNT HACKING/IDENTITY THEFT,YES,NO,WAS AFRAID
F,25,CITY,NO,WEAK,NO,YES,UN EMPLOYED,2-3 HOURS,YES,ACCOUNT HACKING/IDENTITY THEFT,YES,NO,WAS AFRAID
F,26,CITY,NO,STRONG,YES,YES,UN EMPLOYED,2-3 HOURS,YES,ACCOUNT HACKING/IDENTITY THEFT,YES,NO,WAS AFRAID
F,27,CITY,NO,STRONG,YES,YES,UN EMPLOYED,2-3 HOURS,YES,ACCOUNT HACKING/IDENTITY THEFT,YES,YES,DON’T KNOW HOW TO REPORT
F,28,CITY,NO,STRONG,YES,YES,UN EMPLOYED,2-3 HOURS,YES,ACCOUNT HACKING/IDENTITY THEFT,YES,YES,DON’T KNOW HOW TO REPORT
F,29,CITY,NO,STRONG,YES,YES,UN EMPLOYED,2-3 HOURS,YES,ACCOUNT HACKING/IDENTITY THEFT,YES,YES,DON’T KNOW HOW TO REPORT
F,30,CITY,NO,STRONG,YES,YES,GOV/IT EMPLOYEE,2-3 HOURS,YES,ACCOUNT HACKING/IDENTITY THEFT,NO,YES,DON’T KNOW HOW TO REPORT
F,21,CITY,YES,STRONG,YES,YES,GOV/IT EMPLOYEE,2-3 HOURS,YES,ACCOUNT HACKING/IDENTITY THEFT,NO,YES,DON’T KNOW HOW TO REPORT
F,22,CITY,YES,STRONG,YES,YES,GOV/IT EMPLOYEE,LESS THAN 1 HOUR,YES,ACCOUNT HACKING/IDENTITY THEFT,NO,YES,DON’T KNOW HOW TO REPORT
F,23,VILLAGE,YES,STRONG,YES,YES,STUDENT,LESS THAN 1 HOUR,YES,ACCOUNT HACKING/IDENTITY THEFT,NO,YES,DON’T KNOW HOW TO REPORT
F,24,VILLAGE,YES,WEAK,NO,YES,STUDENT,LESS THAN 1 HOUR,YES,ACCOUNT HACKING/IDENTITY THEFT,NO,YES,DON’T KNOW HOW TO REPORT
F,25,VILLAGE,YES,WEAK,NO,YES,STUDENT,LESS THAN 1 HOUR,YES,ACCOUNT HACKING/IDENTITY THEFT,NO,YES,DON’T KNOW HOW TO REPORT
F,26,VILLAGE,YES,WEAK,NO,YES,STUDENT,LESS THAN 1 HOUR,YES,ACCOUNT HACKING/IDENTITY THEFT,NO,YES,DON’T KNOW HOW TO REPORT
F,27,VILLAGE,YES,WEAK,NO,YES,STUDENT,LESS THAN 1 HOUR,YES,ACCOUNT HACKING/IDENTITY THEFT,NO,YES,DON’T KNOW HOW TO REPORT
F,28,VILLAGE,YES,WEAK,NO,YES,STUDENT,LESS THAN 1 HOUR,YES,MONEY THEFT,NO,YES,DON’T KNOW HOW TO REPORT
F,29,VILLAGE,YES,WEAK,NO,YES,STUDENT,LESS THAN 1 HOUR,YES,MONEY THEFT,NO,YES,DON’T KNOW HOW TO REPORT
F,30,VILLAGE,YES,WEAK,NO,YES,STUDENT,LESS THAN 1 HOUR,YES,MONEY THEFT,NO,YES,DON’T KNOW HOW TO REPORT
F,21,VILLAGE,YES,WEAK,NO,YES,STUDENT,LESS THAN 1 HOUR,YES,MONEY THEFT,NO,YES,DON’T KNOW HOW TO REPORT
F,22,VILLAGE,YES,WEAK,NO,YES,STUDENT,LESS THAN 1 HOUR,YES,MONEY THEFT,NO,YES,DON’T KNOW HOW TO REPORT
F,23,VILLAGE,NO,WEAK,NO,YES,STUDENT,2-3 HOURS,YES,SEXUAL EXPLOITATION,NO,YES,DON’T KNOW HOW TO REPORT
F,24,VILLAGE,NO,WEAK,NO,YES,STUDENT,2-3 HOURS,YES,SEXUAL EXPLOITATION,NO,YES,DON’T KNOW HOW TO REPORT
F,25,VILLAGE,NO,WEAK,NO,YES,STUDENT,2-3 HOURS,YES,SEXUAL EXPLOITATION,NO,YES,DON’T KNOW HOW TO REPORT
F,26,VILLAGE,NO,WEAK,NO,YES,STUDENT,2-3 HOURS,YES,SEXUAL EXPLOITATION,NO,YES,DON’T KNOW HOW TO REPORT
F,27,VILLAGE,NO,WEAK,NO,YES,GOV/IT EMPLOYEE,GREATER THAN 3 HOURS,YES,SEXUAL EXPLOITATION,NO,YES,DON’T KNOW HOW TO REPORT
F,28,VILLAGE,NO,WEAK,NO,YES,GOV/IT EMPLOYEE,GREATER THAN 3 HOURS,YES,SEXUAL EXPLOITATION,NO,YES,DON’T KNOW HOW TO REPORT
F,29,VILLAGE,NO,WEAK,NO,YES,GOV/IT EMPLOYEE,GREATER THAN 3 HOURS,YES,SEXUAL EXPLOITATION,NO,YES,DON’T KNOW HOW TO REPORT
F,30,VILLAGE,NO,WEAK,NO,YES,GOV/IT EMPLOYEE,GREATER THAN 3 HOURS,YES,SEXUAL EXPLOITATION,NO,YES,DON’T KNOW HOW TO REPORT
F,21,VILLAGE,NO,WEAK,NO,YES,GOV/IT EMPLOYEE,GREATER THAN 3 HOURS,YES,SEXUAL EXPLOITATION,NO,YES,DON’T KNOW HOW TO REPORT
F,22,VILLAGE,NO,WEAK,NO,YES,GOV/IT EMPLOYEE,GREATER THAN 3 HOURS,YES,MONEY THEFT,NO,NO,WAS AFRAID
F,23,VILLAGE,NO,WEAK,NO,YES,GOV/IT EMPLOYEE,GREATER THAN 3 HOURS,YES,MONEY THEFT,NO,NO,WAS AFRAID
F,24,VILLAGE,NO,WEAK,NO,YES,GOV/IT EMPLOYEE,GREATER THAN 3 HOURS,YES,MONEY THEFT,NO,NO,WAS AFRAID
F,25,VILLAGE,NO,WEAK,NO,YES,GOV/IT EMPLOYEE,GREATER THAN 3 HOURS,YES,MONEY THEFT,NO,NO,WAS AFRAID
F,26,VILLAGE,NO,STRONG,YES,YES,GOV/IT EMPLOYEE,GREATER THAN 3 HOURS,YES,MONEY THEFT,NO,NO,WAS AFRAID
F,27,VILLAGE,NO,STRONG,YES,YES,GOV/IT EMPLOYEE,GREATER THAN 3 HOURS,YES,MONEY THEFT,NO,NO,WAS AFRAID
F,28,VILLAGE,NO,STRONG,YES,YES,GOV/IT EMPLOYEE,GREATER THAN 3 HOURS,YES,MONEY THEFT,NO,NO,WAS AFRAID
F,29,VILLAGE,NO,STRONG,YES,YES,GOV/IT EMPLOYEE,GREATER THAN 3 HOURS,YES,MONEY THEFT,NO,NO,WAS AFRAID
F,30,VILLAGE,NO,STRONG,YES,YES,GOV/IT EMPLOYEE,GREATER THAN 3 HOURS,YES,MONEY THEFT,NO,NO,WAS AFRAID
F,21,VILLAGE,NO,STRONG,YES,YES,GOV/IT EMPLOYEE,GREATER THAN 3 HOURS,YES,MONEY THEFT,NO,NO,DON’T KNOW HOW TO REPORT
F,22,VILLAGE,NO,STRONG,YES,YES,GOV/IT EMPLOYEE,2-3 HOURS,YES,PHISHING,NO,NO,DON’T KNOW HOW TO REPORT
F,23,VILLAGE,NO,STRONG,YES,YES,GOV/IT EMPLOYEE,2-3 HOURS,YES,PHISHING,NO,NO,DON’T KNOW HOW TO REPORT
F,24,VILLAGE,NO,WEAK,NO,YES,SELF EMPLOYED,2-3 HOURS,YES,PHISHING,NO,NO,DON’T KNOW HOW TO REPORT
F,25,VILLAGE,NO,WEAK,NO,NO,SELF EMPLOYED,2-3 HOURS,YES,PHISHING,NO,NO,DON’T KNOW HOW TO REPORT
F,26,VILLAGE,NO,WEAK,NO,NO,SELF EMPLOYED,2-3 HOURS,YES,PHISHING,NO,NO,DON’T KNOW HOW TO REPORT
F,27,VILLAGE,NO,WEAK,NO,NO,SELF EMPLOYED,2-3 HOURS,YES,PHISHING,NO,NO,DON’T KNOW HOW TO REPORT
F,28,VILLAGE,NO,WEAK,NO,NO,SELF EMPLOYED,2-3 HOURS,YES,PHISHING,NO,NO,DON’T KNOW HOW TO REPORT
F,29,VILLAGE,NO,WEAK,NO,NO,SELF EMPLOYED,2-3 HOURS,YES,PHISHING,NO,NO,DON’T KNOW HOW TO REPORT
F,30,VILLAGE,NO,WEAK,NO,NO,SELF EMPLOYED,2-3 HOURS,YES,PHISHING,NO,NO,WAS AFRAID
F,21,VILLAGE,NO,WEAK,NO,NO,SELF EMPLOYED,2-3 HOURS,YES,PHISHING,NO,NO,WAS AFRAID
F,22,VILLAGE,NO,WEAK,NO,NO,SELF EMPLOYED,2-3 HOURS,YES,PHISHING,NO,NO,WAS AFRAID
F,23,VILLAGE,NO,WEAK,NO,NO,SELF EMPLOYED,2-3 HOURS,YES,PHISHING,NO,YES,DON’T KNOW HOW TO REPORT
F,24,VILLAGE,NO,WEAK,NO,NO,SELF EMPLOYED,2-3 HOURS,YES,PHISHING,NO,YES,DON’T KNOW HOW TO REPORT
F,25,VILLAGE,NO,WEAK,NO,NO,SELF EMPLOYED,2-3 HOURS,YES,PHISHING,NO,YES,DON’T KNOW HOW TO REPORT
F,26,VILLAGE,NO,WEAK,NO,NO,SELF EMPLOYED,2-3 HOURS,YES,CAUSING DISREPUTE,NO,YES,DON’T KNOW HOW TO REPORT
F,27,VILLAGE,NO,WEAK,NO,NO,SELF EMPLOYED,2-3 HOURS,YES,CAUSING DISREPUTE,YES,YES,DON’T KNOW HOW TO REPORT
F,28,VILLAGE,NO,WEAK,NO,NO,SELF EMPLOYED,2-3 HOURS,YES,CAUSING DISREPUTE,YES,NO,WAS AFRAID
F,29,VILLAGE,NO,WEAK,NO,NO,SELF EMPLOYED,2-3 HOURS,YES,CAUSING DISREPUTE,YES,NO,WAS AFRAID
F,30,VILLAGE,NO,WEAK,NO,YES,SELF EMPLOYED,2-3 HOURS,YES,CAUSING DISREPUTE,YES,NO,WAS AFRAID
F,22,VILLAGE,NO,WEAK,NO,YES,SELF EMPLOYED,2-3 HOURS,YES,CAUSING DISREPUTE,YES,NO,WAS AFRAID
F,22,VILLAGE,NO,WEAK,NO,YES,SELF EMPLOYED,2-3 HOURS,YES,CAUSING DISREPUTE,YES,NO,WAS AFRAID
F,22,VILLAGE,NO,WEAK,NO,YES,SELF EMPLOYED,2-3 HOURS,YES,CAUSING DISREPUTE,YES,NO,WAS AFRAID
F,22,VILLAGE,NO,WEAK,NO,YES,SELF EMPLOYED,2-3 HOURS,YES,CAUSING DISREPUTE,YES,NO,WAS AFRAID
F,22,VILLAGE,NO,WEAK,NO,YES,SELF EMPLOYED,2-3 HOURS,YES,CAUSING DISREPUTE,YES,NO,WAS AFRAID
F,22,VILLAGE,NO,WEAK,NO,YES,SELF EMPLOYED,2-3 HOURS,YES,MONEY THEFT,YES,NO,WAS AFRAID
F,22,VILLAGE,NO,WEAK,NO,YES,SELF EMPLOYED,GREATER THAN 3 HOURS,YES,MONEY THEFT,YES,NO,WAS AFRAID
F,22,VILLAGE,NO,WEAK,NO,YES,SELF EMPLOYED,GREATER THAN 3 HOURS,YES,CYBER BULLYING,YES,NO,WAS AFRAID
F,22,VILLAGE,NO,WEAK,NO,YES,SELF EMPLOYED,GREATER THAN 3 HOURS,YES,CYBER BULLYING,YES,NO,WAS AFRAID
F,22,VILLAGE,NO,WEAK,NO,YES,SELF EMPLOYED,GREATER THAN 3 HOURS,YES,CYBER BULLYING,YES,NO,WAS AFRAID
F,22,VILLAGE,NO,WEAK,NO,YES,SELF EMPLOYED,GREATER THAN 3 HOURS,YES,CYBER BULLYING,YES,NO,WAS AFRAID
F,22,VILLAGE,NO,WEAK,NO,NO,SELF EMPLOYED,GREATER THAN 3 HOURS,YES,CYBER BULLYING,YES,NO,WAS AFRAID
F,22,VILLAGE,NO,WEAK,NO,NO,SELF EMPLOYED,GREATER THAN 3 HOURS,YES,CYBER BULLYING,YES,NO,WAS AFRAID
F,22,VILLAGE,NO,WEAK,NO,NO,SELF EMPLOYED,GREATER THAN 3 HOURS,YES,CYBER BULLYING,YES,NO,WAS AFRAID
F,22,VILLAGE,YES,WEAK,NO,YES,GOV/IT EMPLOYEE,GREATER THAN 3 HOURS,YES,CYBER BULLYING,YES,NO,WAS AFRAID
F,22,VILLAGE,YES,WEAK,NO,YES,GOV/IT EMPLOYEE,GREATER THAN 3 HOURS,YES,CYBER BULLYING,YES,NO,WAS AFRAID
F,23,VILLAGE,YES,WEAK,NO,YES,GOV/IT EMPLOYEE,GREATER THAN 3 HOURS,YES,MONEY THEFT,NO,NO,DON’T KNOW HOW TO REPORT
F,23,VILLAGE,YES,WEAK,NO,YES,GOV/IT EMPLOYEE,GREATER THAN 3 HOURS,YES,MONEY THEFT,NO,NO,DON’T KNOW HOW TO REPORT
F,23,VILLAGE,YES,WEAK,NO,YES,GOV/IT EMPLOYEE,GREATER THAN 3 HOURS,YES,MONEY THEFT,NO,NO,DON’T KNOW HOW TO REPORT
F,32,CITY,YES,STRONG,YES,YES,SELF EMPLOYED,GREATER THAN 3 HOURS,YES,MONEY THEFT,NO,NO,DON’T KNOW HOW TO REPORT
F,33,CITY,YES,STRONG,YES,YES,SELF EMPLOYED,GREATER THAN 3 HOURS,YES,MONEY THEFT,NO,NO,DON’T KNOW HOW TO REPORT
F,34,CITY,YES,STRONG,YES,YES,SELF EMPLOYED,GREATER THAN 3 HOURS,YES,MONEY THEFT,NO,NO,DON’T KNOW HOW TO REPORT
F,35,CITY,YES,STRONG,YES,YES,SELF EMPLOYED,GREATER THAN 3 HOURS,YES,MONEY THEFT,NO,NO,DON’T KNOW HOW TO REPORT
F,36,CITY,YES,STRONG,YES,YES,SELF EMPLOYED,GREATER THAN 3 HOURS,YES,CAUSING DISREPUTE,NO,NO,DON’T KNOW HOW TO REPORT
F,37,CITY,YES,STRONG,YES,YES,SELF EMPLOYED,GREATER THAN 3 HOURS,YES,CAUSING DISREPUTE,NO,NO,DON’T KNOW HOW TO REPORT
F,31,CITY,YES,STRONG,YES,YES,SELF EMPLOYED,GREATER THAN 3 HOURS,YES,CAUSING DISREPUTE,NO,NO,WAS AFRAID
F,32,CITY,YES,STRONG,YES,YES,SELF EMPLOYED,GREATER THAN 3 HOURS,YES,CAUSING DISREPUTE,NO,NO,WAS AFRAID
F,33,CITY,YES,STRONG,YES,YES,SELF EMPLOYED,GREATER THAN 3 HOURS,YES,CAUSING DISREPUTE,NO,NO,WAS AFRAID
F,34,CITY,YES,STRONG,YES,YES,SELF EMPLOYED,GREATER THAN 3 HOURS,YES,CAUSING DISREPUTE,NO,NO,WAS AFRAID
F,35,CITY,YES,STRONG,YES,YES,SELF EMPLOYED,GREATER THAN 3 HOURS,YES,CAUSING DISREPUTE,NO,NO,WAS AFRAID
F,36,CITY,YES,STRONG,YES,YES,SELF EMPLOYED,GREATER THAN 3 HOURS,YES,CAUSING DISREPUTE,NO,NO,WAS AFRAID
F,37,CITY,YES,STRONG,YES,YES,SELF EMPLOYED,GREATER THAN 3 HOURS,YES,CAUSING DISREPUTE,NO,NO,DON’T KNOW HOW TO REPORT
F,31,CITY,YES,STRONG,YES,YES,SELF EMPLOYED,GREATER THAN 3 HOURS,YES,CAUSING DISREPUTE,NO,NO,DON’T KNOW HOW TO REPORT
F,32,CITY,YES,STRONG,YES,YES,SELF EMPLOYED,GREATER THAN 3 HOURS,YES,MONEY THEFT,NO,NO,DON’T KNOW HOW TO REPORT
F,33,CITY,YES,STRONG,YES,YES,SELF EMPLOYED,GREATER THAN 3 HOURS,YES,MONEY THEFT,YES,NO,DON’T KNOW HOW TO REPORT
F,34,CITY,YES,STRONG,YES,YES,SELF EMPLOYED,GREATER THAN 3 HOURS,YES,MONEY THEFT,YES,NO,DON’T KNOW HOW TO REPORT
F,35,CITY,YES,STRONG,YES,YES,SELF EMPLOYED,GREATER THAN 3 HOURS,YES,MONEY THEFT,YES,NO,DON’T KNOW HOW TO REPORT
F,36,CITY,YES,STRONG,YES,YES,SELF EMPLOYED,GREATER THAN 3 HOURS,YES,ACCOUNT HACKING/IDENTITY THEFT,YES,NO,DON’T KNOW HOW TO REPORT
F,37,CITY,YES,STRONG,YES,YES,GOV/IT EMPLOYEE,GREATER THAN 3 HOURS,YES,PHISHING,YES,YES,DON’T KNOW HOW TO REPORT
F,32,CITY,YES,WEAK,NO,YES,GOV/IT EMPLOYEE,GREATER THAN 3 HOURS,YES,PHISHING,YES,YES,DON’T KNOW HOW TO REPORT
F,34,CITY,YES,WEAK,NO,YES,GOV/IT EMPLOYEE,GREATER THAN 3 HOURS,YES,PHISHING,YES,YES,DON’T KNOW HOW TO REPORT
F,35,VILLAGE,NO,WEAK,NO,NO,SELF EMPLOYED,GREATER THAN 3 HOURS,YES,PHISHING,YES,YES,DON’T KNOW HOW TO REPORT
F,36,VILLAGE,NO,WEAK,NO,NO,SELF EMPLOYED,GREATER THAN 3 HOURS,YES,PHISHING,YES,YES,DON’T KNOW HOW TO REPORT
F,36,VILLAGE,NO,WEAK,NO,NO,SELF EMPLOYED,GREATER THAN 3 HOURS,YES,PHISHING,YES,YES,DON’T KNOW HOW TO REPORT
F,36,VILLAGE,NO,WEAK,NO,NO,SELF EMPLOYED,GREATER THAN 3 HOURS,YES,PHISHING,YES,YES,DON’T KNOW HOW TO REPORT
F,36,VILLAGE,NO,STRONG,YES,NO,SELF EMPLOYED,GREATER THAN 3 HOURS,YES,PHISHING,YES,YES,DON’T KNOW HOW TO REPORT
F,36,VILLAGE,NO,STRONG,YES,NO,SELF EMPLOYED,GREATER THAN 3 HOURS,YES,PHISHING,YES,YES,DON’T KNOW HOW TO REPORT
F,36,VILLAGE,NO,STRONG,YES,NO,SELF EMPLOYED,GREATER THAN 3 HOURS,YES,PHISHING,YES,YES,DON’T KNOW HOW TO REPORT
F,40,VILLAGE,NO,STRONG,YES,NO,SELF EMPLOYED,GREATER THAN 3 HOURS,YES,PHISHING,YES,YES,DON’T KNOW HOW TO REPORT
F,40,VILLAGE,NO,WEAK,YES,NO,SELF EMPLOYED,GREATER THAN 3 HOURS,YES,PHISHING,YES,YES,DON’T KNOW HOW TO REPORT
F,40,VILLAGE,NO,WEAK,YES,NO,SELF EMPLOYED,GREATER THAN 3 HOURS,YES,PHISHING,YES,YES,DON’T KNOW HOW TO REPORT
F,41,CITY,YES,WEAK,YES,YES,GOV/IT EMPLOYEE,GREATER THAN 3 HOURS,YES,PHISHING,YES,YES,DON’T KNOW HOW TO REPORT
F,42,CITY,YES,WEAK,YES,YES,GOV/IT EMPLOYEE,GREATER THAN 3 HOURS,YES,PHISHING,YES,YES,DON’T KNOW HOW TO REPORT
F,43,CITY,YES,WEAK,NO,YES,GOV/IT EMPLOYEE,GREATER THAN 3 HOURS,YES,PHISHING,YES,YES,DON’T KNOW HOW TO REPORT
F,44,CITY,YES,WEAK,NO,YES,GOV/IT EMPLOYEE,GREATER THAN 3 HOURS,YES,CYBER BULLYING,NO,YES,DON’T KNOW HOW TO REPORT
F,45,CITY,YES,WEAK,NO,YES,SELF EMPLOYED,GREATER THAN 3 HOURS,YES,CYBER BULLYING,NO,YES,DON’T KNOW HOW TO REPORT
F,46,CITY,YES,WEAK,NO,YES,SELF EMPLOYED,GREATER THAN 3 HOURS,YES,CYBER BULLYING,YES,YES,DON’T KNOW HOW TO REPORT
F,47,CITY,YES,WEAK,NO,YES,SELF EMPLOYED,GREATER THAN 3 HOURS,YES,CYBER BULLYING,YES,YES,DON’T KNOW HOW TO REPORT
F,48,CITY,YES,WEAK,NO,YES,SELF EMPLOYED,GREATER THAN 3 HOURS,YES,CYBER BULLYING,YES,YES,DON’T KNOW HOW TO REPORT
F,41,CITY,YES,STRONG,YES,YES,SELF EMPLOYED,GREATER THAN 3 HOURS,YES,MONEY THEFT,YES,YES,DON’T KNOW HOW TO REPORT
F,43,CITY,YES,STRONG,YES,YES,SELF EMPLOYED,GREATER THAN 3 HOURS,YES,MONEY THEFT,YES,YES,DON’T KNOW HOW TO REPORT
F,44,CITY,YES,STRONG,YES,YES,SELF EMPLOYED,GREATER THAN 3 HOURS,YES,MONEY THEFT,YES,YES,DON’T KNOW HOW TO REPORT
F,45,CITY,YES,STRONG,YES,YES,SELF EMPLOYED,GREATER THAN 3 HOURS,YES,MONEY THEFT,YES,YES,DON’T KNOW HOW TO REPORT
F,45,CITY,YES,STRONG,YES,YES,SELF EMPLOYED,GREATER THAN 3 HOURS,YES,MONEY THEFT,YES,NO,WAS AFRAID
F,45,CITY,YES,STRONG,YES,YES,SELF EMPLOYED,GREATER THAN 3 HOURS,YES,CAUSING DISREPUTE,YES,NO,WAS AFRAID
F,43,CITY,YES,STRONG,YES,YES,SELF EMPLOYED,GREATER THAN 3 HOURS,YES,CAUSING DISREPUTE,YES,NO,WAS AFRAID
F,46,CITY,YES,STRONG,YES,YES,GOV/IT EMPLOYEE,GREATER THAN 3 HOURS,YES,CAUSING DISREPUTE,NO,NO,WAS AFRAID
F,47,CITY,YES,STRONG,YES,YES,GOV/IT EMPLOYEE,GREATER THAN 3 HOURS,YES,CAUSING DISREPUTE,NO,NO,WAS AFRAID
F,50,CITY,YES,STRONG,YES,YES,GOV/IT EMPLOYEE,GREATER THAN 3 HOURS,YES,CAUSING DISREPUTE,NO,NO,WAS AFRAID
F,50,CITY,YES,STRONG,YES,YES,GOV/IT EMPLOYEE,GREATER THAN 3 HOURS,YES,CAUSING DISREPUTE,NO,NO,WAS AFRAID
F,50,CITY,YES,STRONG,YES,YES,GOV/IT EMPLOYEE,GREATER THAN 3 HOURS,YES,CAUSING DISREPUTE,NO,NO,WAS AFRAID
F,48,CITY,YES,STRONG,YES,YES,GOV/IT EMPLOYEE,GREATER THAN 3 HOURS,YES,CAUSING DISREPUTE,NO,NO,WAS AFRAID
F,49,VILLAGE,NO,STRONG,YES,NO,SELF EMPLOYED,GREATER THAN 3 HOURS,YES,CAUSING DISREPUTE,NO,NO,WAS AFRAID
F,49,VILLAGE,NO,STRONG,YES,NO,SELF EMPLOYED,GREATER THAN 3 HOURS,YES,CAUSING DISREPUTE,NO,NO,WAS AFRAID
F,43,VILLAGE,NO,STRONG,YES,NO,SELF EMPLOYED,GREATER THAN 3 HOURS,YES,MONEY THEFT,NO,NO,WAS AFRAID
F,45,VILLAGE,NO,STRONG,YES,NO,SELF EMPLOYED,GREATER THAN 3 HOURS,YES,MONEY THEFT,NO,NO,WAS AFRAID
F,41,VILLAGE,NO,STRONG,YES,NO,SELF EMPLOYED,GREATER THAN 3 HOURS,YES,MONEY THEFT,NO,NO,WAS AFRAID
F,42,VILLAGE,NO,STRONG,YES,NO,SELF EMPLOYED,GREATER THAN 3 HOURS,YES,MONEY THEFT,NO,NO,WAS AFRAID
F,43,VILLAGE,NO,STRONG,YES,NO,SELF EMPLOYED,GREATER THAN 3 HOURS,YES,MONEY THEFT,YES,NO,WAS AFRAID
F,44,VILLAGE,NO,WEAK,NO,NO,SELF EMPLOYED,GREATER THAN 3 HOURS,YES,MONEY THEFT,YES,NO,WAS AFRAID
F,45,VILLAGE,NO,WEAK,NO,NO,SELF EMPLOYED,GREATER THAN 3 HOURS,YES,MONEY THEFT,YES,NO,WAS AFRAID
F,46,VILLAGE,NO,WEAK,NO,NO,SELF EMPLOYED,GREATER THAN 3 HOURS,YES,MONEY THEFT,YES,NO,WAS AFRAID
F,52,CITY,YES,WEAK,NO,YES,SELF EMPLOYED,GREATER THAN 3 HOURS,YES,MONEY THEFT,YES,NO,WAS AFRAID
F,53,CITY,YES,WEAK,NO,YES,SELF EMPLOYED,GREATER THAN 3 HOURS,YES,MONEY THEFT,YES,YES,DON’T KNOW HOW TO REPORT
F,54,CITY,YES,WEAK,NO,YES,SELF EMPLOYED,GREATER THAN 3 HOURS,YES,MONEY THEFT,YES,YES,DON’T KNOW HOW TO REPORT
F,54,CITY,YES,WEAK,NO,YES,SELF EMPLOYED,GREATER THAN 3 HOURS,YES,MONEY THEFT,YES,NO,WAS AFRAID
F,55,CITY,YES,WEAK,NO,YES,SELF EMPLOYED,GREATER THAN 3 HOURS,YES,CYBER BULLYING,YES,YES,DON’T KNOW HOW TO REPORT
F,56,CITY,YES,WEAK,NO,YES,UN EMPLOYED,GREATER THAN 3 HOURS,YES,CYBER BULLYING,YES,YES,DON’T KNOW HOW TO REPORT
F,57,CITY,YES,WEAK,NO,YES,UN EMPLOYED,GREATER THAN 3 HOURS,YES,CYBER BULLYING,YES,YES,DON’T KNOW HOW TO REPORT
F,58,CITY,YES,WEAK,NO,YES,UN EMPLOYED,GREATER THAN 3 HOURS,YES,CYBER BULLYING,YES,YES,DON’T KNOW HOW TO REPORT
F,49,VILLAGE,YES,WEAK,NO,YES,UN EMPLOYED,GREATER THAN 3 HOURS,YES,CYBER BULLYING,YES,YES,DON’T KNOW HOW TO REPORT
F,60,VILLAGE,YES,WEAK,NO,YES,UN EMPLOYED,GREATER THAN 3 HOURS,YES,CYBER BULLYING,YES,YES,DON’T KNOW HOW TO REPORT
F,58,VILLAGE,YES,WEAK,NO,YES,UN EMPLOYED,GREATER THAN 3 HOURS,YES,CYBER BULLYING,YES,YES,DON’T KNOW HOW TO REPORT
F,49,VILLAGE,YES,WEAK,NO,YES,UN EMPLOYED,GREATER THAN 3 HOURS,YES,CYBER BULLYING,YES,YES,DON’T KNOW HOW TO REPORT
F,60,VILLAGE,YES,WEAK,NO,YES,UN EMPLOYED,GREATER THAN 3 HOURS,YES,CYBER BULLYING,YES,YES,DON’T KNOW HOW TO REPORT
F,60,CITY,YES,WEAK,NO,YES,UN EMPLOYED,GREATER THAN 3 HOURS,YES,CYBER BULLYING,YES,YES,DON’T KNOW HOW TO REPORT
F,61,CITY,YES,WEAK,NO,YES,UN EMPLOYED,GREATER THAN 3 HOURS,YES,CYBER BULLYING,YES,YES,DON’T KNOW HOW TO REPORT
F,62,CITY,YES,WEAK,NO,YES,UN EMPLOYED,GREATER THAN 3 HOURS,YES,CYBER BULLYING,YES,YES,DON’T KNOW HOW TO REPORT
F,63,CITY,YES,WEAK,NO,YES,UN EMPLOYED,GREATER THAN 3 HOURS,YES,CYBER BULLYING,NO,NO,WAS AFRAID
F,65,CITY,YES,WEAK,NO,YES,UN EMPLOYED,GREATER THAN 3 HOURS,YES,CYBER BULLYING,NO,YES,DON’T KNOW HOW TO REPORT
F,70,CITY,YES,WEAK,NO,YES,UN EMPLOYED,GREATER THAN 3 HOURS,YES,CYBER BULLYING,NO,YES,DON’T KNOW HOW TO REPORT
F,73,CITY,YES,WEAK,NO,YES,UN EMPLOYED,GREATER THAN 3 HOURS,YES,CYBER BULLYING,NO,YES,DON’T KNOW HOW TO REPORT
F,64,CITY,YES,WEAK,NO,YES,UN EMPLOYED,GREATER THAN 3 HOURS,YES,CYBER BULLYING,NO,YES,DON’T KNOW HOW TO REPORT
F,68,CITY,YES,WEAK,NO,YES,UN EMPLOYED,GREATER THAN 3 HOURS,YES,CYBER BULLYING,NO,YES,DON’T KNOW HOW TO REPORT
F,66,CITY,YES,WEAK,NO,YES,UN EMPLOYED,GREATER THAN 3 HOURS,YES,CYBER BULLYING,NO,NO,WAS AFRAID
F,74,VILLAGE,YES,WEAK,NO,YES,SELF EMPLOYED,GREATER THAN 3 HOURS,YES,CYBER BULLYING,NO,NO,WAS AFRAID
F,70,VILLAGE,YES,WEAK,NO,YES,SELF EMPLOYED,GREATER THAN 3 HOURS,YES,CYBER BULLYING,NO,NO,WAS AFRAID
F,65,VILLAGE,YES,WEAK,NO,YES,SELF EMPLOYED,GREATER THAN 3 HOURS,YES,CYBER BULLYING,NO,NO,WAS AFRAID
M,7,CITY,YES,WEAK,NO,YES,STUDENT,LESS THAN 1 HOUR,YES,CYBER BULLYING,NO,YES,DON’T KNOW HOW TO REPORT
M,10,CITY,YES,WEAK,NO,YES,STUDENT,LESS THAN 1 HOUR,YES,CYBER BULLYING,NO,YES,DON’T KNOW HOW TO REPORT
M,8,CITY,YES,WEAK,NO,YES,STUDENT,LESS THAN 1 HOUR,YES,CYBER BULLYING,NO,YES,DON’T KNOW HOW TO REPORT
M,9,CITY,YES,WEAK,NO,YES,STUDENT,GREATER THAN 3 HOURS,YES,CYBER BULLYING,NO,YES,DON’T KNOW HOW TO REPORT
M,7,CITY,YES,WEAK,NO,YES,STUDENT,GREATER THAN 3 HOURS,YES,CYBER BULLYING,NO,YES,DON’T KNOW HOW TO REPORT
M,9,CITY,YES,WEAK,NO,YES,STUDENT,GREATER THAN 3 HOURS,YES,CYBER BULLYING,NO,YES,DON’T KNOW HOW TO REPORT
M,10,CITY,YES,WEAK,NO,YES,STUDENT,GREATER THAN 3 HOURS,YES,CYBER BULLYING,NO,YES,DON’T KNOW HOW TO REPORT
M,8,CITY,YES,WEAK,NO,YES,STUDENT,GREATER THAN 3 HOURS,YES,MONEY THEFT,NO,YES,WAS AFRAID
M,9,VILLAGE,YES,WEAK,NO,YES,STUDENT,GREATER THAN 3 HOURS,YES,MONEY THEFT,NO,YES,WAS AFRAID
M,7,VILLAGE,YES,WEAK,NO,YES,STUDENT,2-3 HOURS,YES,MONEY THEFT,NO,YES,WAS AFRAID
M,9,VILLAGE,YES,WEAK,NO,YES,STUDENT,2-3 HOURS,YES,MONEY THEFT,NO,YES,WAS AFRAID
M,10,VILLAGE,NO,WEAK,NO,NO,STUDENT,2-3 HOURS,YES,MONEY THEFT,NO,YES,WAS AFRAID
M,8,VILLAGE,NO,WEAK,NO,NO,STUDENT,2-3 HOURS,YES,MONEY THEFT,NO,YES,WAS AFRAID
M,9,VILLAGE,NO,WEAK,NO,NO,STUDENT,2-3 HOURS,YES,MONEY THEFT,NO,YES,WAS AFRAID
M,7,VILLAGE,NO,WEAK,NO,NO,STUDENT,2-3 HOURS,YES,MONEY THEFT,NO,YES,WAS AFRAID
M,9,VILLAGE,NO,WEAK,NO,NO,STUDENT,2-3 HOURS,YES,MONEY THEFT,NO,YES,WAS AFRAID
M,10,VILLAGE,NO,WEAK,NO,NO,STUDENT,2-3 HOURS,YES,MONEY THEFT,NO,NO,DON’T KNOW HOW TO REPORT
M,8,VILLAGE,NO,WEAK,NO,NO,STUDENT,2-3 HOURS,YES,MONEY THEFT,NO,NO,DON’T KNOW HOW TO REPORT
M,9,VILLAGE,NO,WEAK,NO,NO,STUDENT,2-3 HOURS,YES,PHISHING,NO,NO,DON’T KNOW HOW TO REPORT
M,23,CITY,YES,WEAK,NO,YES,UN EMPLOYED,2-3 HOURS,YES,PHISHING,NO,NO,DON’T KNOW HOW TO REPORT
M,23,CITY,YES,WEAK,NO,YES,UN EMPLOYED,2-3 HOURS,YES,PHISHING,NO,NO,DON’T KNOW HOW TO REPORT
M,23,CITY,YES,WEAK,NO,YES,UN EMPLOYED,2-3 HOURS,YES,PHISHING,NO,NO,DON’T KNOW HOW TO REPORT
M,23,CITY,YES,WEAK,NO,YES,UN EMPLOYED,2-3 HOURS,YES,PHISHING,NO,NO,DON’T KNOW HOW TO REPORT
M,23,CITY,YES,WEAK,NO,YES,UN EMPLOYED,2-3 HOURS,YES,PHISHING,NO,NO,DON’T KNOW HOW TO REPORT
M,23,CITY,YES,WEAK,NO,YES,UN EMPLOYED,2-3 HOURS,YES,PHISHING,NO,NO,DON’T KNOW HOW TO REPORT
M,23,CITY,YES,WEAK,NO,YES,UN EMPLOYED,2-3 HOURS,YES,PHISHING,NO,NO,WAS AFRAID
M,23,CITY,YES,WEAK,NO,YES,UN EMPLOYED,2-3 HOURS,YES,PHISHING,NO,NO,WAS AFRAID
M,23,CITY,YES,WEAK,NO,YES,UN EMPLOYED,2-3 HOURS,YES,PHISHING,NO,NO,WAS AFRAID
M,23,CITY,YES,WEAK,NO,YES,UN EMPLOYED,2-3 HOURS,YES,PHISHING,NO,NO,WAS AFRAID
M,23,CITY,YES,WEAK,NO,YES,UN EMPLOYED,2-3 HOURS,YES,PHISHING,NO,NO,WAS AFRAID
M,23,CITY,YES,WEAK,NO,YES,UN EMPLOYED,2-3 HOURS,YES,PHISHING,NO,NO,WAS AFRAID
M,23,CITY,YES,WEAK,NO,YES,UN EMPLOYED,2-3 HOURS,YES,PHISHING,NO,NO,WAS AFRAID
M,23,CITY,YES,WEAK,NO,YES,UN EMPLOYED,2-3 HOURS,YES,PHISHING,NO,NO,WAS AFRAID
M,23,CITY,YES,WEAK,NO,YES,UN EMPLOYED,2-3 HOURS,YES,PHISHING,NO,NO,WAS AFRAID
M,23,CITY,YES,WEAK,NO,YES,GOV/IT EMPLOYEE,GREATER THAN 3 HOURS,YES,PHISHING,NO,NO,WAS AFRAID
M,23,CITY,YES,WEAK,NO,YES,GOV/IT EMPLOYEE,GREATER THAN 3 HOURS,YES,MONEY THEFT,NO,NO,WAS AFRAID
M,23,CITY,NO,WEAK,NO,NO,SELF EMPLOYED,GREATER THAN 3 HOURS,YES,MONEY THEFT,NO,NO,DON’T KNOW HOW TO REPORT
M,23,CITY,NO,WEAK,NO,NO,SELF EMPLOYED,GREATER THAN 3 HOURS,YES,MONEY THEFT,NO,NO,DON’T KNOW HOW TO REPORT
M,23,CITY,NO,WEAK,NO,NO,SELF EMPLOYED,GREATER THAN 3 HOURS,YES,MONEY THEFT,NO,NO,DON’T KNOW HOW TO REPORT
M,23,CITY,NO,WEAK,NO,NO,SELF EMPLOYED,GREATER THAN 3 HOURS,YES,MONEY THEFT,NO,NO,DON’T KNOW HOW TO REPORT
M,23,CITY,NO,WEAK,NO,NO,SELF EMPLOYED,LESS THAN 1 HOUR,YES,CYBER BULLYING,NO,NO,DON’T KNOW HOW TO REPORT
M,23,CITY,NO,WEAK,NO,NO,SELF EMPLOYED,LESS THAN 1 HOUR,YES,CYBER BULLYING,NO,NO,DON’T KNOW HOW TO REPORT
M,23,CITY,NO,STRONG,YES,NO,SELF EMPLOYED,LESS THAN 1 HOUR,YES,CYBER BULLYING,NO,NO,DON’T KNOW HOW TO REPORT
M,23,CITY,NO,STRONG,YES,NO,SELF EMPLOYED,LESS THAN 1 HOUR,YES,CYBER BULLYING,NO,NO,DON’T KNOW HOW TO REPORT
M,23,CITY,NO,STRONG,YES,NO,SELF EMPLOYED,LESS THAN 1 HOUR,YES,CYBER BULLYING,NO,NO,DON’T KNOW HOW TO REPORT
M,23,CITY,NO,STRONG,YES,NO,SELF EMPLOYED,2-3 HOURS,YES,CYBER BULLYING,YES,NO,DON’T KNOW HOW TO REPORT
M,23,CITY,NO,STRONG,YES,NO,SELF EMPLOYED,2-3 HOURS,YES,CYBER BULLYING,YES,NO,DON’T KNOW HOW TO REPORT
M,23,CITY,NO,STRONG,YES,NO,SELF EMPLOYED,2-3 HOURS,YES,CYBER BULLYING,YES,NO,DON’T KNOW HOW TO REPORT
M,23,CITY,NO,STRONG,YES,NO,SELF EMPLOYED,2-3 HOURS,YES,CYBER BULLYING,YES,NO,DON’T KNOW HOW TO REPORT
M,23,CITY,NO,STRONG,YES,NO,SELF EMPLOYED,2-3 HOURS,YES,CYBER BULLYING,YES,NO,DON’T KNOW HOW TO REPORT
M,23,CITY,NO,WEAK,NO,NO,SELF EMPLOYED,2-3 HOURS,YES,CYBER BULLYING,YES,NO,DON’T KNOW HOW TO REPORT
M,23,CITY,NO,WEAK,NO,NO,SELF EMPLOYED,2-3 HOURS,YES,CYBER BULLYING,YES,NO,DON’T KNOW HOW TO REPORT
M,23,CITY,NO,WEAK,NO,NO,SELF EMPLOYED,2-3 HOURS,YES,CYBER BULLYING,YES,NO,DON’T KNOW HOW TO REPORT
M,23,CITY,NO,WEAK,NO,NO,UN EMPLOYED,2-3 HOURS,YES,CYBER BULLYING,YES,NO,DON’T KNOW HOW TO REPORT
M,23,CITY,NO,WEAK,NO,NO,UN EMPLOYED,2-3 HOURS,YES,CYBER BULLYING,YES,NO,DON’T KNOW HOW TO REPORT
M,23,CITY,NO,WEAK,NO,NO,UN EMPLOYED,2-3 HOURS,YES,CYBER BULLYING,NO,NO,DON’T KNOW HOW TO REPORT
M,23,CITY,NO,WEAK,NO,NO,UN EMPLOYED,2-3 HOURS,YES,CYBER BULLYING,NO,NO,DON’T KNOW HOW TO REPORT
M,23,CITY,NO,WEAK,NO,NO,UN EMPLOYED,2-3 HOURS,YES,CYBER BULLYING,NO,NO,DON’T KNOW HOW TO REPORT
M,23,CITY,NO,WEAK,NO,NO,UN EMPLOYED,2-3 HOURS,YES,CYBER BULLYING,NO,NO,DON’T KNOW HOW TO REPORT
M,23,CITY,NO,WEAK,NO,NO,UN EMPLOYED,2-3 HOURS,YES,CYBER BULLYING,NO,NO,DON’T KNOW HOW TO REPORT
M,23,CITY,NO,WEAK,NO,NO,UN EMPLOYED,2-3 HOURS,YES,CYBER BULLYING,NO,NO,DON’T KNOW HOW TO REPORT
M,23,CITY,NO,WEAK,NO,NO,UN EMPLOYED,2-3 HOURS,YES,CYBER BULLYING,NO,NO,DON’T KNOW HOW TO REPORT
M,23,CITY,NO,WEAK,NO,NO,UN EMPLOYED,2-3 HOURS,YES,CYBER BULLYING,YES,NO,DON’T KNOW HOW TO REPORT
M,23,CITY,NO,WEAK,NO,NO,UN EMPLOYED,2-3 HOURS,YES,CYBER BULLYING,YES,NO,DON’T KNOW HOW TO REPORT
M,23,CITY,NO,WEAK,NO,NO,UN EMPLOYED,2-3 HOURS,YES,CYBER BULLYING,YES,NO,DON’T KNOW HOW TO REPORT
M,23,CITY,NO,WEAK,NO,NO,UN EMPLOYED,2-3 HOURS,YES,CYBER BULLYING,YES,YES,DON’T KNOW HOW TO REPORT
M,23,CITY,NO,WEAK,NO,YES,UN EMPLOYED,2-3 HOURS,YES,CYBER BULLYING,YES,YES,WAS AFRAID
M,23,CITY,NO,WEAK,NO,YES,UN EMPLOYED,2-3 HOURS,YES,PHISHING,YES,YES,WAS AFRAID
M,23,CITY,NO,WEAK,NO,YES,UN EMPLOYED,2-3 HOURS,YES,PHISHING,YES,YES,WAS AFRAID
M,23,CITY,NO,WEAK,NO,YES,UN EMPLOYED,2-3 HOURS,YES,PHISHING,YES,YES,WAS AFRAID
M,23,CITY,NO,WEAK,NO,YES,UN EMPLOYED,LESS THAN 1 HOUR,YES,PHISHING,YES,YES,WAS AFRAID
M,23,CITY,NO,WEAK,NO,YES,UN EMPLOYED,LESS THAN 1 HOUR,YES,PHISHING,YES,YES,WAS AFRAID
M,23,CITY,NO,WEAK,NO,YES,UN EMPLOYED,LESS THAN 1 HOUR,YES,PHISHING,NO,YES,WAS AFRAID
M,23,CITY,NO,WEAK,NO,YES,UN EMPLOYED,LESS THAN 1 HOUR,YES,PHISHING,NO,YES,WAS AFRAID
M,23,CITY,NO,STRONG,YES,YES,UN EMPLOYED,2-3 HOURS,YES,PHISHING,NO,YES,WAS AFRAID
M,23,CITY,NO,STRONG,YES,YES,UN EMPLOYED,2-3 HOURS,YES,PHISHING,NO,YES,WAS AFRAID
M,23,CITY,NO,STRONG,YES,YES,UN EMPLOYED,2-3 HOURS,YES,PHISHING,NO,YES,WAS AFRAID
M,24,CITY,NO,STRONG,YES,YES,UN EMPLOYED,2-3 HOURS,YES,PHISHING,NO,YES,WAS AFRAID
M,24,CITY,NO,STRONG,YES,YES,UN EMPLOYED,2-3 HOURS,YES,CYBER BULLYING,NO,YES,WAS AFRAID
M,24,CITY,NO,STRONG,YES,YES,UN EMPLOYED,2-3 HOURS,YES,CYBER BULLYING,NO,YES,WAS AFRAID
M,24,CITY,NO,STRONG,YES,YES,UN EMPLOYED,2-3 HOURS,YES,CYBER BULLYING,NO,YES,WAS AFRAID
M,24,CITY,NO,STRONG,YES,YES,UN EMPLOYED,2-3 HOURS,YES,PHISHING,NO,YES,WAS AFRAID
M,24,CITY,NO,WEAK,NO,YES,UN EMPLOYED,2-3 HOURS,YES,PHISHING,NO,YES,WAS AFRAID
M,24,CITY,NO,WEAK,NO,YES,UN EMPLOYED,2-3 HOURS,YES,PHISHING,NO,YES,WAS AFRAID
M,24,CITY,NO,WEAK,NO,YES,UN EMPLOYED,2-3 HOURS,YES,PHISHING,NO,YES,WAS AFRAID
M,24,CITY,NO,WEAK,NO,YES,UN EMPLOYED,2-3 HOURS,YES,PHISHING,NO,YES,WAS AFRAID
M,24,CITY,NO,WEAK,NO,YES,UN EMPLOYED,2-3 HOURS,YES,CYBER BULLYING,NO,YES,WAS AFRAID
M,24,CITY,NO,WEAK,NO,YES,UN EMPLOYED,2-3 HOURS,YES,CYBER BULLYING,NO,YES,WAS AFRAID
M,24,CITY,NO,WEAK,NO,YES,UN EMPLOYED,2-3 HOURS,YES,CYBER BULLYING,NO,YES,WAS AFRAID
M,24,CITY,NO,WEAK,NO,YES,UN EMPLOYED,2-3 HOURS,YES,CYBER BULLYING,NO,YES,WAS AFRAID
M,24,CITY,NO,WEAK,NO,YES,UN EMPLOYED,2-3 HOURS,YES,CYBER BULLYING,NO,YES,WAS AFRAID
M,24,CITY,YES,STRONG,YES,YES,STUDENT,2-3 HOURS,YES,MONEY THEFT,NO,YES,WAS AFRAID
M,24,CITY,YES,STRONG,YES,YES,STUDENT,2-3 HOURS,YES,MONEY THEFT,NO,YES,WAS AFRAID
M,24,CITY,YES,STRONG,YES,YES,STUDENT,2-3 HOURS,YES,MONEY THEFT,NO,YES,WAS AFRAID
M,24,CITY,YES,STRONG,YES,YES,STUDENT,2-3 HOURS,YES,MONEY THEFT,NO,NO,DON’T KNOW HOW TO REPORT
M,24,CITY,YES,STRONG,YES,YES,STUDENT,2-3 HOURS,YES,MONEY THEFT,NO,NO,DON’T KNOW HOW TO REPORT
M,24,VILLAGE,NO,STRONG,YES,YES,UN EMPLOYED,2-3 HOURS,YES,MONEY THEFT,NO,NO,DON’T KNOW HOW TO REPORT
M,24,VILLAGE,NO,STRONG,YES,YES,UN EMPLOYED,2-3 HOURS,YES,MONEY THEFT,NO,NO,DON’T KNOW HOW TO REPORT
M,24,VILLAGE,YES,STRONG,YES,YES,STUDENT,2-3 HOURS,YES,MONEY THEFT,NO,NO,DON’T KNOW HOW TO REPORT
M,24,VILLAGE,YES,STRONG,YES,YES,STUDENT,2-3 HOURS,YES,PHISHING,NO,NO,DON’T KNOW HOW TO REPORT
M,24,VILLAGE,YES,STRONG,YES,YES,STUDENT,2-3 HOURS,YES,PHISHING,NO,NO,DON’T KNOW HOW TO REPORT
M,24,VILLAGE,YES,STRONG,YES,YES,UN EMPLOYED,2-3 HOURS,YES,PHISHING,NO,NO,DON’T KNOW HOW TO REPORT
M,24,VILLAGE,YES,STRONG,YES,YES,UN EMPLOYED,2-3 HOURS,YES,PHISHING,NO,NO,DON’T KNOW HOW TO REPORT
M,24,VILLAGE,YES,STRONG,NO,YES,UN EMPLOYED,2-3 HOURS,YES,PHISHING,NO,NO,DON’T KNOW HOW TO REPORT
M,24,VILLAGE,YES,STRONG,NO,YES,UN EMPLOYED,2-3 HOURS,YES,PHISHING,NO,NO,DON’T KNOW HOW TO REPORT
M,24,CITY,YES,STRONG,NO,YES,UN EMPLOYED,2-3 HOURS,YES,PHISHING,NO,NO,DON’T KNOW HOW TO REPORT
M,24,CITY,YES,STRONG,NO,YES,UN EMPLOYED,LESS THAN 1 HOUR,YES,PHISHING,NO,NO,DON’T KNOW HOW TO REPORT
M,24,CITY,YES,STRONG,NO,YES,UN EMPLOYED,LESS THAN 1 HOUR,YES,PHISHING,NO,NO,DON’T KNOW HOW TO REPORT
M,24,CITY,YES,STRONG,NO,YES,UN EMPLOYED,LESS THAN 1 HOUR,YES,PHISHING,NO,NO,DON’T KNOW HOW TO REPORT
M,24,CITY,YES,WEAK,NO,YES,UN EMPLOYED,LESS THAN 1 HOUR,YES,PHISHING,NO,NO,DON’T KNOW HOW TO REPORT
M,24,CITY,YES,WEAK,NO,YES,UN EMPLOYED,LESS THAN 1 HOUR,YES,PHISHING,NO,NO,DON’T KNOW HOW TO REPORT
M,24,CITY,YES,WEAK,NO,YES,UN EMPLOYED,LESS THAN 1 HOUR,YES,MONEY THEFT,NO,NO,DON’T KNOW HOW TO REPORT
M,24,CITY,YES,WEAK,NO,YES,UN EMPLOYED,LESS THAN 1 HOUR,YES,MONEY THEFT,NO,NO,DON’T KNOW HOW TO REPORT
M,24,CITY,YES,WEAK,NO,YES,UN EMPLOYED,LESS THAN 1 HOUR,YES,MONEY THEFT,NO,NO,DON’T KNOW HOW TO REPORT
M,24,CITY,YES,WEAK,NO,YES,UN EMPLOYED,LESS THAN 1 HOUR,YES,MONEY THEFT,NO,NO,DON’T KNOW HOW TO REPORT
M,24,CITY,YES,WEAK,NO,YES,UN EMPLOYED,2-3 HOURS,YES,MONEY THEFT,NO,NO,DON’T KNOW HOW TO REPORT
M,25,CITY,YES,WEAK,NO,YES,STUDENT,2-3 HOURS,YES,MONEY THEFT,NO,NO,DON’T KNOW HOW TO REPORT
M,25,CITY,YES,WEAK,NO,YES,STUDENT,2-3 HOURS,YES,MONEY THEFT,NO,NO,DON’T KNOW HOW TO REPORT
M,25,CITY,YES,WEAK,NO,YES,STUDENT,2-3 HOURS,YES,MONEY THEFT,NO,NO,DON’T KNOW HOW TO REPORT
M,25,CITY,YES,WEAK,NO,YES,STUDENT,2-3 HOURS,YES,MONEY THEFT,NO,NO,DON’T KNOW HOW TO REPORT
M,25,CITY,YES,WEAK,NO,YES,UN EMPLOYED,2-3 HOURS,YES,MONEY THEFT,NO,NO,DON’T KNOW HOW TO REPORT
M,25,CITY,YES,WEAK,NO,YES,UN EMPLOYED,2-3 HOURS,YES,PHISHING,NO,NO,DON’T KNOW HOW TO REPORT
M,25,CITY,YES,WEAK,NO,YES,UN EMPLOYED,2-3 HOURS,YES,PHISHING,NO,NO,DON’T KNOW HOW TO REPORT
M,25,CITY,YES,WEAK,NO,YES,UN EMPLOYED,2-3 HOURS,YES,PHISHING,NO,NO,DON’T KNOW HOW TO REPORT
M,25,CITY,YES,WEAK,NO,YES,UN EMPLOYED,2-3 HOURS,YES,PHISHING,NO,NO,DON’T KNOW HOW TO REPORT
M,25,CITY,YES,WEAK,NO,YES,UN EMPLOYED,2-3 HOURS,YES,PHISHING,NO,NO,DON’T KNOW HOW TO REPORT
M,25,VILLAGE,NO,WEAK,NO,YES,UN EMPLOYED,2-3 HOURS,YES,PHISHING,NO,NO,DON’T KNOW HOW TO REPORT
M,25,VILLAGE,NO,WEAK,NO,YES,UN EMPLOYED,2-3 HOURS,YES,PHISHING,NO,NO,DON’T KNOW HOW TO REPORT
M,25,VILLAGE,NO,WEAK,NO,YES,UN EMPLOYED,2-3 HOURS,YES,PHISHING,NO,NO,DON’T KNOW HOW TO REPORT
M,25,VILLAGE,NO,WEAK,NO,YES,UN EMPLOYED,2-3 HOURS,YES,PHISHING,NO,NO,DON’T KNOW HOW TO REPORT
M,25,VILLAGE,NO,WEAK,NO,YES,UN EMPLOYED,2-3 HOURS,YES,PHISHING,NO,NO,DON’T KNOW HOW TO REPORT
M,25,VILLAGE,NO,WEAK,NO,YES,UN EMPLOYED,2-3 HOURS,YES,PHISHING,YES,YES,DON’T KNOW HOW TO REPORT
M,25,VILLAGE,NO,WEAK,NO,YES,UN EMPLOYED,2-3 HOURS,NO,NO,NA,NA,NA
M,25,VILLAGE,NO,WEAK,NO,YES,UN EMPLOYED,2-3 HOURS,NO,NO,NA,NA,NA
M,25,VILLAGE,NO,WEAK,NO,YES,UN EMPLOYED,2-3 HOURS,NO,NO,NA,NA,NA
M,25,VILLAGE,NO,WEAK,NO,YES,UN EMPLOYED,2-3 HOURS,NO,NO,NA,NA,NA
M,25,VILLAGE,NO,WEAK,NO,YES,UN EMPLOYED,2-3 HOURS,NO,NO,NA,NA,NA
M,25,VILLAGE,NO,WEAK,NO,YES,UN EMPLOYED,2-3 HOURS,NO,NO,NA,NA,NA
M,25,VILLAGE,NO,WEAK,NO,YES,UN EMPLOYED,2-3 HOURS,NO,NO,NA,NA,NA
M,25,VILLAGE,NO,WEAK,NO,YES,UN EMPLOYED,2-3 HOURS,NO,NO,NA,NA,NA
M,25,VILLAGE,NO,WEAK,NO,YES,UN EMPLOYED,2-3 HOURS,NO,NO,NA,NA,NA
M,25,VILLAGE,NO,WEAK,NO,NO,UN EMPLOYED,2-3 HOURS,YES,PHISHING,NO,YES,WAS AFRAID
M,25,VILLAGE,NO,WEAK,NO,NO,UN EMPLOYED,2-3 HOURS,YES,PHISHING,NO,YES,WAS AFRAID
M,25,VILLAGE,NO,WEAK,NO,NO,UN EMPLOYED,2-3 HOURS,YES,PHISHING,NO,YES,WAS AFRAID
M,25,VILLAGE,NO,WEAK,NO,NO,UN EMPLOYED,2-3 HOURS,YES,PHISHING,NO,YES,WAS AFRAID
M,25,VILLAGE,NO,WEAK,NO,NO,UN EMPLOYED,2-3 HOURS,YES,PHISHING,NO,NO,DON’T KNOW HOW TO REPORT
M,25,VILLAGE,NO,WEAK,NO,NO,UN EMPLOYED,2-3 HOURS,YES,PHISHING,NO,NO,DON’T KNOW HOW TO REPORT
M,25,VILLAGE,NO,WEAK,NO,NO,UN EMPLOYED,2-3 HOURS,YES,PHISHING,NO,NO,DON’T KNOW HOW TO REPORT
M,31,VILLAGE,NO,WEAK,NO,NO,UN EMPLOYED,2-3 HOURS,YES,PHISHING,NO,NO,DON’T KNOW HOW TO REPORT
M,32,VILLAGE,YES,WEAK,NO,YES,UN EMPLOYED,2-3 HOURS,YES,PHISHING,NO,NO,DON’T KNOW HOW TO REPORT
M,33,VILLAGE,YES,WEAK,NO,YES,UN EMPLOYED,2-3 HOURS,YES,PHISHING,NO,NO,DON’T KNOW HOW TO REPORT
M,34,VILLAGE,YES,WEAK,NO,YES,UN EMPLOYED,2-3 HOURS,YES,PHISHING,NO,NO,DON’T KNOW HOW TO REPORT
M,35,VILLAGE,YES,WEAK,NO,YES,UN EMPLOYED,2-3 HOURS,YES,MONEY THEFT,NO,NO,DON’T KNOW HOW TO REPORT
M,36,VILLAGE,YES,WEAK,NO,YES,UN EMPLOYED,2-3 HOURS,YES,MONEY THEFT,NO,NO,DON’T KNOW HOW TO REPORT
M,37,VILLAGE,YES,WEAK,NO,YES,UN EMPLOYED,2-3 HOURS,YES,MONEY THEFT,NO,NO,DON’T KNOW HOW TO REPORT
M,38,VILLAGE,YES,WEAK,NO,YES,UN EMPLOYED,2-3 HOURS,YES,MONEY THEFT,NO,NO,DON’T KNOW HOW TO REPORT
M,39,VILLAGE,YES,WEAK,NO,YES,UN EMPLOYED,LESS THAN 1 HOUR,YES,MONEY THEFT,NO,NO,DON’T KNOW HOW TO REPORT
M,31,VILLAGE,YES,WEAK,NO,YES,UN EMPLOYED,LESS THAN 1 HOUR,YES,MONEY THEFT,NO,NO,DON’T KNOW HOW TO REPORT
M,32,CITY,YES,WEAK,NO,YES,UN EMPLOYED,LESS THAN 1 HOUR,YES,MONEY THEFT,NO,NO,DON’T KNOW HOW TO REPORT
M,33,CITY,YES,WEAK,NO,YES,UN EMPLOYED,LESS THAN 1 HOUR,YES,MONEY THEFT,NO,NO,DON’T KNOW HOW TO REPORT
M,34,CITY,YES,WEAK,NO,YES,UN EMPLOYED,LESS THAN 1 HOUR,YES,MONEY THEFT,NO,NO,DON’T KNOW HOW TO REPORT
M,35,CITY,YES,WEAK,NO,YES,UN EMPLOYED,LESS THAN 1 HOUR,YES,MONEY THEFT,NO,NO,DON’T KNOW HOW TO REPORT
M,36,CITY,YES,WEAK,NO,YES,UN EMPLOYED,LESS THAN 1 HOUR,YES,MONEY THEFT,NO,NO,DON’T KNOW HOW TO REPORT
M,37,CITY,YES,WEAK,NO,YES,UN EMPLOYED,LESS THAN 1 HOUR,YES,MONEY THEFT,NO,NO,DON’T KNOW HOW TO REPORT
M,38,CITY,YES,WEAK,NO,YES,GOV/IT EMPLOYEE,LESS THAN 1 HOUR,YES,MONEY THEFT,NO,NO,DON’T KNOW HOW TO REPORT
M,39,CITY,YES,WEAK,NO,YES,UN EMPLOYED,2-3 HOURS,YES,MONEY THEFT,NO,NO,DON’T KNOW HOW TO REPORT
M,31,CITY,YES,WEAK,NO,YES,UN EMPLOYED,2-3 HOURS,YES,MONEY THEFT,NO,NO,DON’T KNOW HOW TO REPORT
M,32,CITY,YES,WEAK,NO,YES,UN EMPLOYED,2-3 HOURS,YES,MONEY THEFT,NO,NO,DON’T KNOW HOW TO REPORT
M,33,CITY,YES,WEAK,NO,YES,UN EMPLOYED,2-3 HOURS,YES,MONEY THEFT,NO,NO,DON’T KNOW HOW TO REPORT
M,34,CITY,YES,WEAK,NO,YES,UN EMPLOYED,2-3 HOURS,YES,MONEY THEFT,NO,NO,DON’T KNOW HOW TO REPORT
M,35,CITY,YES,WEAK,NO,YES,UN EMPLOYED,2-3 HOURS,YES,MONEY THEFT,NO,NO,DON’T KNOW HOW TO REPORT
M,36,CITY,YES,WEAK,NO,YES,UN EMPLOYED,2-3 HOURS,YES,MONEY THEFT,NO,NO,DON’T KNOW HOW TO REPORT
M,37,CITY,YES,WEAK,NO,YES,UN EMPLOYED,2-3 HOURS,YES,MONEY THEFT,NO,NO,DON’T KNOW HOW TO REPORT
M,38,CITY,YES,WEAK,NO,YES,UN EMPLOYED,2-3 HOURS,YES,MONEY THEFT,NO,NO,DON’T KNOW HOW TO REPORT
M,39,CITY,YES,WEAK,NO,YES,UN EMPLOYED,2-3 HOURS,YES,PHISHING,NO,NO,DON’T KNOW HOW TO REPORT
M,31,CITY,YES,WEAK,NO,YES,UN EMPLOYED,2-3 HOURS,YES,PHISHING,NO,NO,DON’T KNOW HOW TO REPORT
M,32,CITY,NO,WEAK,NO,NO,UN EMPLOYED,2-3 HOURS,YES,PHISHING,NO,YES,DON’T KNOW HOW TO REPORT
M,33,CITY,NO,WEAK,NO,NO,UN EMPLOYED,2-3 HOURS,YES,PHISHING,NO,YES,WAS AFRAID
M,34,CITY,NO,WEAK,NO,YES,UN EMPLOYED,2-3 HOURS,NO,NO,NA,NA,NA
M,35,VILLAGE,NO,WEAK,NO,YES,UN EMPLOYED,2-3 HOURS,NO,NO,NA,NA,NA
M,36,VILLAGE,NO,WEAK,NO,YES,UN EMPLOYED,2-3 HOURS,NO,NO,NA,NA,NA
M,37,VILLAGE,NO,WEAK,NO,YES,UN EMPLOYED,2-3 HOURS,NO,NO,NA,NA,NA
M,38,VILLAGE,NO,WEAK,NO,YES,UN EMPLOYED,2-3 HOURS,NO,NO,NA,NA,NA
M,39,VILLAGE,NO,WEAK,NO,YES,UN EMPLOYED,2-3 HOURS,NO,NO,NA,NA,NA
M,31,VILLAGE,NO,WEAK,NO,YES,UN EMPLOYED,2-3 HOURS,NO,NO,NA,NA,NA
M,31,VILLAGE,NO,WEAK,NO,YES,UN EMPLOYED,2-3 HOURS,NO,NO,NA,NA,NA
M,31,VILLAGE,NO,WEAK,NO,NO,UN EMPLOYED,2-3 HOURS,NO,NO,NA,NA,NA
M,31,VILLAGE,NO,WEAK,NO,YES,UN EMPLOYED,2-3 HOURS,NO,NO,NA,NA,NA
M,31,VILLAGE,NO,WEAK,NO,YES,UN EMPLOYED,2-3 HOURS,NO,NO,NA,NA,NA
M,31,VILLAGE,NO,WEAK,NO,YES,UN EMPLOYED,2-3 HOURS,NO,NO,NA,NA,NA
M,31,VILLAGE,NO,WEAK,NO,YES,UN EMPLOYED,2-3 HOURS,NO,NO,NA,NA,NA
M,31,VILLAGE,NO,WEAK,NO,YES,UN EMPLOYED,2-3 HOURS,NO,NO,NA,NA,NA
M,31,CITY,NO,WEAK,NO,YES,UN EMPLOYED,2-3 HOURS,NO,NO,NA,NA,NA
M,31,CITY,NO,WEAK,NO,YES,UN EMPLOYED,2-3 HOURS,NO,NO,NA,NA,NA
M,31,CITY,NO,WEAK,NO,YES,UN EMPLOYED,2-3 HOURS,NO,NO,NA,NA,NA
M,31,CITY,NO,WEAK,NO,YES,UN EMPLOYED,2-3 HOURS,NO,NO,NA,NA,NA
M,31,CITY,NO,WEAK,NO,YES,UN EMPLOYED,2-3 HOURS,NO,NO,NA,NA,NA
M,31,CITY,NO,WEAK,NO,YES,UN EMPLOYED,2-3 HOURS,YES,MONEY THEFT,NO,NO,DON’T KNOW HOW TO REPORT
M,47,CITY,NO,WEAK,NO,YES,UN EMPLOYED,GREATER THAN 3 HOURS,YES,MONEY THEFT,NO,NO,DON’T KNOW HOW TO REPORT
M,48,CITY,NO,WEAK,NO,YES,UN EMPLOYED,GREATER THAN 3 HOURS,YES,MONEY THEFT,NO,NO,DON’T KNOW HOW TO REPORT
M,41,CITY,NO,WEAK,NO,YES,UN EMPLOYED,GREATER THAN 3 HOURS,YES,MONEY THEFT,NO,NO,DON’T KNOW HOW TO REPORT
M,43,CITY,NO,WEAK,NO,YES,UN EMPLOYED,GREATER THAN 3 HOURS,YES,MONEY THEFT,NO,NO,DON’T KNOW HOW TO REPORT
M,44,CITY,NO,WEAK,NO,YES,UN EMPLOYED,GREATER THAN 3 HOURS,YES,MONEY THEFT,NO,NO,DON’T KNOW HOW TO REPORT
M,45,CITY,NO,WEAK,NO,YES,UN EMPLOYED,GREATER THAN 3 HOURS,YES,MONEY THEFT,NO,NO,DON’T KNOW HOW TO REPORT
M,45,CITY,NO,WEAK,NO,YES,UN EMPLOYED,GREATER THAN 3 HOURS,YES,MONEY THEFT,NO,NO,DON’T KNOW HOW TO REPORT
M,45,CITY,NO,WEAK,NO,YES,UN EMPLOYED,GREATER THAN 3 HOURS,YES,MONEY THEFT,NO,NO,DON’T KNOW HOW TO REPORT
M,43,CITY,NO,WEAK,NO,YES,UN EMPLOYED,GREATER THAN 3 HOURS,NO,NO,NA,NA,NA
M,46,CITY,NO,WEAK,NO,YES,UN EMPLOYED,GREATER THAN 3 HOURS,NO,NO,NA,NA,NA
M,47,CITY,NO,WEAK,NO,YES,UN EMPLOYED,GREATER THAN 3 HOURS,NO,NO,NA,NA,NA
M,50,CITY,NO,WEAK,NO,YES,UN EMPLOYED,GREATER THAN 3 HOURS,NO,NO,NA,NA,NA
M,50,CITY,NO,WEAK,NO,YES,UN EMPLOYED,GREATER THAN 3 HOURS,NO,NO,NA,NA,NA
M,50,CITY,NO,WEAK,NO,YES,UN EMPLOYED,GREATER THAN 3 HOURS,NO,NO,NA,NA,NA
M,48,CITY,NO,WEAK,NO,YES,UN EMPLOYED,GREATER THAN 3 HOURS,NO,NO,NA,NA,NA
M,49,CITY,NO,WEAK,NO,YES,UN EMPLOYED,GREATER THAN 3 HOURS,NO,NO,NA,NA,NA
M,49,CITY,NO,WEAK,NO,YES,UN EMPLOYED,GREATER THAN 3 HOURS,NO,NO,NA,NA,NA
M,43,CITY,NO,WEAK,NO,NO,UN EMPLOYED,GREATER THAN 3 HOURS,NO,NO,NA,NA,NA
M,45,CITY,NO,WEAK,NO,NO,UN EMPLOYED,GREATER THAN 3 HOURS,NO,NO,NA,NA,NA
M,41,CITY,NO,WEAK,NO,NO,UN EMPLOYED,GREATER THAN 3 HOURS,NO,NO,NA,NA,NA
M,42,CITY,NO,WEAK,NO,NO,UN EMPLOYED,GREATER THAN 3 HOURS,NO,NO,NA,NA,NA
M,43,CITY,NO,WEAK,NO,NO,UN EMPLOYED,GREATER THAN 3 HOURS,NO,NO,NA,NA,NA
M,44,CITY,NO,WEAK,NO,NO,UN EMPLOYED,GREATER THAN 3 HOURS,NO,NO,NA,NA,NA
M,45,VILLAGE,NO,STRONG,YES,NO,UN EMPLOYED,GREATER THAN 3 HOURS,NO,NO,NA,NA,NA
M,46,VILLAGE,NO,STRONG,YES,NO,UN EMPLOYED,GREATER THAN 3 HOURS,NO,NO,NA,NA,NA
M,47,VILLAGE,NO,STRONG,YES,NO,UN EMPLOYED,GREATER THAN 3 HOURS,NO,NO,NA,NA,NA
M,48,VILLAGE,NO,STRONG,YES,NO,UN EMPLOYED,GREATER THAN 3 HOURS,NO,NO,NA,NA,NA
M,41,VILLAGE,NO,STRONG,NO,NO,UN EMPLOYED,GREATER THAN 3 HOURS,NO,NO,NA,NA,NA
M,43,VILLAGE,NO,STRONG,NO,NO,UN EMPLOYED,GREATER THAN 3 HOURS,NO,NO,NA,NA,NA
M,44,VILLAGE,NO,STRONG,NO,NO,UN EMPLOYED,GREATER THAN 3 HOURS,NO,NO,NA,NA,NA
M,45,VILLAGE,NO,STRONG,NO,NO,UN EMPLOYED,GREATER THAN 3 HOURS,YES,MONEY THEFT,NO,NO,DON’T KNOW HOW TO REPORT
M,45,VILLAGE,NO,WEAK,NO,NO,UN EMPLOYED,GREATER THAN 3 HOURS,YES,MONEY THEFT,NO,NO,DON’T KNOW HOW TO REPORT
M,45,VILLAGE,NO,WEAK,NO,NO,UN EMPLOYED,GREATER THAN 3 HOURS,YES,MONEY THEFT,NO,NO,DON’T KNOW HOW TO REPORT
M,43,VILLAGE,NO,WEAK,YES,NO,UN EMPLOYED,GREATER THAN 3 HOURS,YES,MONEY THEFT,NO,NO,DON’T KNOW HOW TO REPORT
M,46,VILLAGE,NO,WEAK,YES,NO,UN EMPLOYED,GREATER THAN 3 HOURS,YES,MONEY THEFT,NO,NO,DON’T KNOW HOW TO REPORT
M,47,VILLAGE,NO,WEAK,YES,NO,UN EMPLOYED,GREATER THAN 3 HOURS,YES,MONEY THEFT,NO,NO,DON’T KNOW HOW TO REPORT
M,50,VILLAGE,NO,WEAK,YES,NO,UN EMPLOYED,GREATER THAN 3 HOURS,YES,MONEY THEFT,NO,NO,DON’T KNOW HOW TO REPORT
M,50,VILLAGE,NO,WEAK,YES,YES,UN EMPLOYED,GREATER THAN 3 HOURS,YES,MONEY THEFT,NO,NO,DON’T KNOW HOW TO REPORT
M,50,VILLAGE,NO,WEAK,YES,YES,UN EMPLOYED,GREATER THAN 3 HOURS,YES,MONEY THEFT,NO,NO,DON’T KNOW HOW TO REPORT
M,48,VILLAGE,NO,WEAK,YES,YES,UN EMPLOYED,GREATER THAN 3 HOURS,NO,NO,NA,NA,NA
M,49,VILLAGE,NO,WEAK,YES,YES,UN EMPLOYED,GREATER THAN 3 HOURS,NO,NO,NA,NA,NA
M,49,VILLAGE,NO,WEAK,YES,YES,UN EMPLOYED,GREATER THAN 3 HOURS,NO,NO,NA,NA,NA
M,43,VILLAGE,NO,WEAK,YES,YES,UN EMPLOYED,GREATER THAN 3 HOURS,NO,NO,NA,NA,NA
M,45,VILLAGE,NO,WEAK,YES,YES,UN EMPLOYED,GREATER THAN 3 HOURS,NO,NO,NA,NA,NA
M,41,VILLAGE,NO,WEAK,YES,YES,UN EMPLOYED,2-3 HOURS,NO,NO,NA,NA,NA
M,42,VILLAGE,NO,WEAK,YES,YES,UN EMPLOYED,2-3 HOURS,NO,NO,NA,NA,NA
M,43,VILLAGE,NO,WEAK,YES,YES,UN EMPLOYED,2-3 HOURS,NO,NO,NA,NA,NA
M,44,VILLAGE,NO,WEAK,YES,YES,UN EMPLOYED,2-3 HOURS,NO,NO,NA,NA,NA
M,45,VILLAGE,NO,WEAK,YES,YES,SELF EMPLOYED,2-3 HOURS,NO,NO,NA,NA,NA
M,46,VILLAGE,NO,WEAK,YES,YES,SELF EMPLOYED,LESS THAN 1 HOUR,YES,PHISHING,NO,NO,DON’T KNOW HOW TO REPORT
M,47,VILLAGE,NO,WEAK,YES,YES,SELF EMPLOYED,LESS THAN 1 HOUR,YES,PHISHING,NO,NO,DON’T KNOW HOW TO REPORT
M,48,VILLAGE,NO,WEAK,YES,YES,SELF EMPLOYED,LESS THAN 1 HOUR,YES,PHISHING,NO,NO,DON’T KNOW HOW TO REPORT
M,41,VILLAGE,NO,WEAK,YES,YES,SELF EMPLOYED,LESS THAN 1 HOUR,YES,PHISHING,NO,NO,DON’T KNOW HOW TO REPORT
M,43,VILLAGE,NO,WEAK,YES,YES,SELF EMPLOYED,LESS THAN 1 HOUR,YES,PHISHING,NO,NO,DON’T KNOW HOW TO REPORT
M,44,VILLAGE,NO,WEAK,YES,YES,SELF EMPLOYED,LESS THAN 1 HOUR,YES,MONEY THEFT,NO,NO,DON’T KNOW HOW TO REPORT
M,45,VILLAGE,NO,WEAK,YES,YES,SELF EMPLOYED,LESS THAN 1 HOUR,YES,MONEY THEFT,NO,NO,DON’T KNOW HOW TO REPORT
M,45,VILLAGE,NO,WEAK,YES,YES,SELF EMPLOYED,LESS THAN 1 HOUR,YES,PHISHING,NO,NO,DON’T KNOW HOW TO REPORT
M,45,VILLAGE,NO,WEAK,YES,YES,SELF EMPLOYED,LESS THAN 1 HOUR,YES,PHISHING,NO,NO,DON’T KNOW HOW TO REPORT
M,43,VILLAGE,NO,WEAK,YES,YES,SELF EMPLOYED,2-3 HOURS,NO,NO,NA,NA,NA
M,46,VILLAGE,NO,WEAK,YES,YES,SELF EMPLOYED,2-3 HOURS,NO,NO,NA,NA,NA
M,47,VILLAGE,NO,WEAK,YES,YES,SELF EMPLOYED,2-3 HOURS,NO,NO,NA,NA,NA
M,50,VILLAGE,NO,WEAK,YES,YES,SELF EMPLOYED,2-3 HOURS,NO,NO,NA,NA,NA
M,50,VILLAGE,NO,WEAK,YES,YES,SELF EMPLOYED,2-3 HOURS,NO,NO,NA,NA,NA
M,50,VILLAGE,NO,WEAK,YES,YES,SELF EMPLOYED,2-3 HOURS,NO,NO,NA,NA,NA
M,48,VILLAGE,NO,WEAK,YES,YES,SELF EMPLOYED,2-3 HOURS,NO,NO,NA,NA,NA
M,49,VILLAGE,NO,WEAK,YES,YES,SELF EMPLOYED,2-3 HOURS,NO,NO,NA,NA,NA
M,49,VILLAGE,NO,WEAK,YES,YES,SELF EMPLOYED,2-3 HOURS,NO,NO,NA,NA,NA
M,43,VILLAGE,NO,WEAK,YES,YES,SELF EMPLOYED,2-3 HOURS,NO,NO,NA,NA,NA
M,45,VILLAGE,NO,WEAK,YES,YES,SELF EMPLOYED,2-3 HOURS,NO,NO,NA,NA,NA
M,41,VILLAGE,NO,WEAK,YES,YES,SELF EMPLOYED,2-3 HOURS,NO,NO,NA,NA,NA
M,42,VILLAGE,NO,WEAK,YES,YES,SELF EMPLOYED,2-3 HOURS,NO,NO,NA,NA,NA
M,43,VILLAGE,NO,WEAK,YES,YES,SELF EMPLOYED,2-3 HOURS,NO,NO,NA,NA,NA
M,44,VILLAGE,NO,WEAK,YES,YES,SELF EMPLOYED,2-3 HOURS,NO,NO,NA,NA,NA
M,45,VILLAGE,NO,WEAK,YES,YES,SELF EMPLOYED,2-3 HOURS,NO,NO,NA,NA,NA
M,46,VILLAGE,NO,WEAK,NO,YES,SELF EMPLOYED,2-3 HOURS,YES,MONEY THEFT,NO,NO,DON’T KNOW HOW TO REPORT
M,47,VILLAGE,NO,WEAK,NO,YES,SELF EMPLOYED,2-3 HOURS,YES,MONEY THEFT,NO,NO,DON’T KNOW HOW TO REPORT
M,48,VILLAGE,NO,WEAK,NO,YES,SELF EMPLOYED,2-3 HOURS,YES,MONEY THEFT,NO,NO,DON’T KNOW HOW TO REPORT
M,41,VILLAGE,NO,WEAK,NO,YES,SELF EMPLOYED,2-3 HOURS,YES,MONEY THEFT,NO,NO,DON’T KNOW HOW TO REPORT
M,43,VILLAGE,NO,WEAK,NO,YES,SELF EMPLOYED,2-3 HOURS,YES,MONEY THEFT,NO,NO,DON’T KNOW HOW TO REPORT
M,44,VILLAGE,NO,WEAK,NO,YES,SELF EMPLOYED,2-3 HOURS,YES,MONEY THEFT,NO,NO,DON’T KNOW HOW TO REPORT
M,45,VILLAGE,NO,WEAK,NO,YES,SELF EMPLOYED,2-3 HOURS,YES,MONEY THEFT,NO,NO,DON’T KNOW HOW TO REPORT
M,45,VILLAGE,NO,WEAK,NO,YES,SELF EMPLOYED,2-3 HOURS,YES,MONEY THEFT,NO,NO,DON’T KNOW HOW TO REPORT
M,45,VILLAGE,NO,WEAK,NO,YES,SELF EMPLOYED,2-3 HOURS,YES,PHISHING,NO,NO,DON’T KNOW HOW TO REPORT
M,43,VILLAGE,NO,WEAK,NO,YES,SELF EMPLOYED,2-3 HOURS,NO,NO,NA,NA,NA
M,46,VILLAGE,NO,WEAK,NO,YES,SELF EMPLOYED,2-3 HOURS,NO,NO,NA,NA,NA
M,47,VILLAGE,NO,WEAK,NO,YES,SELF EMPLOYED,2-3 HOURS,NO,NO,NA,NA,NA
M,50,VILLAGE,NO,WEAK,NO,YES,SELF EMPLOYED,2-3 HOURS,NO,NO,NA,NA,NA
M,50,VILLAGE,NO,WEAK,NO,YES,SELF EMPLOYED,2-3 HOURS,NO,NO,NA,NA,NA
M,50,VILLAGE,NO,WEAK,NO,YES,SELF EMPLOYED,2-3 HOURS,NO,NO,NA,NA,NA
M,48,VILLAGE,NO,WEAK,NO,YES,SELF EMPLOYED,2-3 HOURS,NO,NO,NA,NA,NA
M,49,VILLAGE,NO,WEAK,NO,YES,SELF EMPLOYED,2-3 HOURS,NO,NO,NA,NA,NA
M,49,VILLAGE,NO,WEAK,NO,YES,SELF EMPLOYED,2-3 HOURS,NO,NO,NA,NA,NA
M,43,VILLAGE,NO,WEAK,NO,YES,SELF EMPLOYED,2-3 HOURS,NO,NO,NA,NA,NA
M,45,VILLAGE,NO,WEAK,YES,YES,SELF EMPLOYED,2-3 HOURS,NO,NO,NA,NA,NA
M,41,VILLAGE,NO,WEAK,YES,YES,SELF EMPLOYED,2-3 HOURS,NO,NO,NA,NA,NA
M,42,VILLAGE,NO,WEAK,YES,YES,SELF EMPLOYED,2-3 HOURS,NO,NO,NA,NA,NA
M,43,VILLAGE,NO,WEAK,YES,YES,SELF EMPLOYED,2-3 HOURS,NO,NO,NA,NA,NA
M,44,VILLAGE,NO,WEAK,YES,YES,SELF EMPLOYED,2-3 HOURS,YES,MONEY THEFT,NO,NO,DON’T KNOW HOW TO REPORT
M,45,VILLAGE,NO,WEAK,YES,YES,SELF EMPLOYED,2-3 HOURS,YES,MONEY THEFT,NO,NO,WAS AFRAID
M,46,VILLAGE,NO,WEAK,YES,YES,SELF EMPLOYED,2-3 HOURS,YES,MONEY THEFT,NO,NO,WAS AFRAID
M,47,VILLAGE,NO,WEAK,YES,YES,SELF EMPLOYED,2-3 HOURS,YES,MONEY THEFT,NO,NO,WAS AFRAID
M,48,VILLAGE,NO,WEAK,YES,YES,SELF EMPLOYED,2-3 HOURS,YES,MONEY THEFT,NO,NO,WAS AFRAID
M,41,VILLAGE,NO,WEAK,YES,YES,SELF EMPLOYED,2-3 HOURS,YES,MONEY THEFT,NO,NO,WAS AFRAID
M,43,VILLAGE,NO,WEAK,YES,YES,SELF EMPLOYED,2-3 HOURS,YES,MONEY THEFT,NO,NO,WAS AFRAID
M,44,VILLAGE,NO,WEAK,YES,YES,SELF EMPLOYED,2-3 HOURS,YES,MONEY THEFT,NO,NO,WAS AFRAID
M,45,VILLAGE,NO,WEAK,YES,YES,SELF EMPLOYED,2-3 HOURS,YES,MONEY THEFT,NO,NO,WAS AFRAID
M,45,VILLAGE,NO,WEAK,YES,YES,SELF EMPLOYED,2-3 HOURS,YES,MONEY THEFT,NO,NO,WAS AFRAID
M,45,VILLAGE,NO,WEAK,YES,YES,SELF EMPLOYED,2-3 HOURS,YES,PHISHING,NO,NO,WAS AFRAID
M,43,VILLAGE,NO,WEAK,YES,YES,SELF EMPLOYED,2-3 HOURS,YES,PHISHING,NO,NO,WAS AFRAID
M,46,VILLAGE,NO,WEAK,YES,YES,SELF EMPLOYED,2-3 HOURS,YES,PHISHING,NO,NO,WAS AFRAID
M,47,VILLAGE,NO,WEAK,YES,YES,SELF EMPLOYED,2-3 HOURS,YES,PHISHING,NO,NO,WAS AFRAID
M,50,VILLAGE,NO,STRONG,YES,YES,SELF EMPLOYED,2-3 HOURS,NO,NO,NA,NA,NA
M,50,VILLAGE,NO,STRONG,YES,YES,SELF EMPLOYED,2-3 HOURS,NO,NO,NA,NA,NA
M,50,VILLAGE,NO,STRONG,YES,YES,SELF EMPLOYED,2-3 HOURS,NO,NO,NA,NA,NA
M,48,VILLAGE,NO,STRONG,YES,YES,SELF EMPLOYED,2-3 HOURS,NO,NO,NA,NA,NA
M,49,CITY,NO,STRONG,YES,YES,SELF EMPLOYED,2-3 HOURS,NO,NO,NA,NA,NA
M,49,CITY,NO,STRONG,YES,YES,SELF EMPLOYED,2-3 HOURS,NO,NO,NA,NA,NA
M,43,CITY,NO,STRONG,YES,YES,SELF EMPLOYED,2-3 HOURS,NO,NO,NA,NA,NA
M,45,CITY,NO,STRONG,YES,YES,SELF EMPLOYED,2-3 HOURS,NO,NO,NA,NA,NA
M,41,CITY,NO,WEAK,YES,YES,SELF EMPLOYED,2-3 HOURS,NO,NO,NA,NA,NA
M,42,CITY,NO,WEAK,YES,YES,SELF EMPLOYED,2-3 HOURS,NO,NO,NA,NA,NA
M,43,CITY,NO,WEAK,YES,YES,SELF EMPLOYED,2-3 HOURS,NO,NO,NA,NA,NA
M,44,CITY,NO,WEAK,YES,YES,SELF EMPLOYED,2-3 HOURS,NO,NO,NA,NA,NA
M,45,CITY,NO,WEAK,YES,YES,SELF EMPLOYED,2-3 HOURS,NO,NO,NA,NA,NA
M,46,CITY,NO,WEAK,YES,YES,SELF EMPLOYED,2-3 HOURS,YES,MONEY THEFT,NO,NO,DON’T KNOW HOW TO REPORT
M,47,CITY,NO,WEAK,YES,YES,SELF EMPLOYED,2-3 HOURS,YES,MONEY THEFT,NO,NO,DON’T KNOW HOW TO REPORT
M,48,CITY,NO,WEAK,YES,YES,SELF EMPLOYED,2-3 HOURS,YES,MONEY THEFT,NO,NO,DON’T KNOW HOW TO REPORT
M,41,CITY,NO,WEAK,YES,YES,SELF EMPLOYED,2-3 HOURS,YES,MONEY THEFT,NO,NO,DON’T KNOW HOW TO REPORT
M,43,CITY,NO,WEAK,YES,YES,SELF EMPLOYED,2-3 HOURS,YES,PHISHING,YES,YES,WAS AFRAID
M,44,CITY,NO,WEAK,YES,YES,SELF EMPLOYED,2-3 HOURS,YES,PHISHING,YES,YES,WAS AFRAID
M,45,CITY,NO,WEAK,YES,YES,SELF EMPLOYED,2-3 HOURS,YES,PHISHING,YES,YES,WAS AFRAID
M,45,CITY,NO,WEAK,YES,YES,SELF EMPLOYED,2-3 HOURS,YES,PHISHING,YES,YES,WAS AFRAID
M,45,CITY,NO,WEAK,YES,YES,SELF EMPLOYED,2-3 HOURS,YES,PHISHING,YES,YES,WAS AFRAID
M,43,CITY,NO,WEAK,YES,YES,SELF EMPLOYED,2-3 HOURS,YES,PHISHING,YES,YES,WAS AFRAID
M,46,CITY,NO,WEAK,NO,YES,SELF EMPLOYED,2-3 HOURS,YES,PHISHING,YES,YES,WAS AFRAID
M,47,CITY,NO,WEAK,NO,YES,SELF EMPLOYED,2-3 HOURS,YES,PHISHING,YES,YES,WAS AFRAID
M,50,CITY,NO,WEAK,NO,YES,SELF EMPLOYED,2-3 HOURS,YES,PHISHING,YES,YES,WAS AFRAID
M,50,CITY,NO,WEAK,NO,YES,SELF EMPLOYED,2-3 HOURS,YES,PHISHING,YES,YES,WAS AFRAID
M,50,CITY,NO,WEAK,NO,YES,SELF EMPLOYED,2-3 HOURS,YES,PHISHING,YES,YES,WAS AFRAID
M,48,CITY,NO,WEAK,NO,YES,SELF EMPLOYED,2-3 HOURS,YES,PHISHING,YES,YES,WAS AFRAID
M,49,CITY,NO,WEAK,NO,YES,SELF EMPLOYED,2-3 HOURS,YES,ACCOUNT HACKING/IDENTITY THEFT,YES,YES,WAS AFRAID
M,49,CITY,NO,WEAK,NO,YES,SELF EMPLOYED,2-3 HOURS,YES,ACCOUNT HACKING/IDENTITY THEFT,YES,YES,WAS AFRAID
M,43,CITY,NO,WEAK,NO,YES,SELF EMPLOYED,2-3 HOURS,YES,ACCOUNT HACKING/IDENTITY THEFT,YES,YES,WAS AFRAID
M,45,CITY,NO,WEAK,NO,YES,SELF EMPLOYED,2-3 HOURS,YES,ACCOUNT HACKING/IDENTITY THEFT,YES,YES,WAS AFRAID
M,41,CITY,NO,WEAK,NO,YES,SELF EMPLOYED,2-3 HOURS,YES,ACCOUNT HACKING/IDENTITY THEFT,YES,YES,WAS AFRAID
M,42,CITY,NO,WEAK,NO,YES,SELF EMPLOYED,2-3 HOURS,YES,MONEY THEFT,NO,YES,WAS AFRAID
M,43,CITY,NO,WEAK,NO,YES,SELF EMPLOYED,2-3 HOURS,YES,MONEY THEFT,NO,YES,WAS AFRAID
M,44,CITY,NO,WEAK,NO,YES,SELF EMPLOYED,2-3 HOURS,YES,MONEY THEFT,NO,YES,WAS AFRAID
M,45,CITY,NO,WEAK,NO,YES,SELF EMPLOYED,2-3 HOURS,YES,MONEY THEFT,NO,YES,WAS AFRAID
M,46,CITY,NO,WEAK,NO,YES,SELF EMPLOYED,2-3 HOURS,YES,MONEY THEFT,NO,YES,WAS AFRAID
M,47,CITY,NO,WEAK,NO,YES,SELF EMPLOYED,2-3 HOURS,YES,MONEY THEFT,NO,YES,WAS AFRAID
M,48,CITY,NO,WEAK,NO,YES,UN EMPLOYED,2-3 HOURS,YES,MONEY THEFT,NO,YES,WAS AFRAID
M,41,CITY,NO,STRONG,NO,YES,UN EMPLOYED,LESS THAN 1 HOUR,YES,MONEY THEFT,NO,YES,WAS AFRAID
M,43,CITY,NO,STRONG,NO,YES,UN EMPLOYED,LESS THAN 1 HOUR,YES,MONEY THEFT,NO,YES,WAS AFRAID
M,44,CITY,NO,STRONG,NO,YES,UN EMPLOYED,LESS THAN 1 HOUR,YES,MONEY THEFT,NO,YES,WAS AFRAID
M,45,CITY,NO,STRONG,NO,YES,UN EMPLOYED,LESS THAN 1 HOUR,YES,MONEY THEFT,NO,YES,WAS AFRAID
M,45,CITY,NO,STRONG,YES,YES,UN EMPLOYED,LESS THAN 1 HOUR,YES,PHISHING,NO,YES,WAS AFRAID
M,45,CITY,NO,STRONG,YES,YES,UN EMPLOYED,LESS THAN 1 HOUR,YES,PHISHING,NO,YES,WAS AFRAID
M,43,CITY,NO,STRONG,YES,YES,UN EMPLOYED,LESS THAN 1 HOUR,YES,PHISHING,NO,YES,WAS AFRAID
M,46,CITY,NO,STRONG,YES,YES,UN EMPLOYED,LESS THAN 1 HOUR,YES,PHISHING,NO,YES,WAS AFRAID
M,47,CITY,NO,WEAK,NO,YES,UN EMPLOYED,LESS THAN 1 HOUR,YES,PHISHING,NO,YES,WAS AFRAID
M,50,CITY,NO,WEAK,NO,YES,UN EMPLOYED,2-3 HOURS,YES,PHISHING,NO,YES,WAS AFRAID
M,50,CITY,NO,WEAK,NO,YES,UN EMPLOYED,2-3 HOURS,YES,PHISHING,NO,YES,WAS AFRAID
M,50,CITY,NO,WEAK,NO,YES,UN EMPLOYED,2-3 HOURS,YES,PHISHING,NO,NO,DON’T KNOW HOW TO REPORT
M,48,CITY,NO,WEAK,NO,YES,UN EMPLOYED,2-3 HOURS,YES,PHISHING,NO,NO,DON’T KNOW HOW TO REPORT
M,49,CITY,NO,WEAK,NO,YES,UN EMPLOYED,2-3 HOURS,YES,PHISHING,NO,NO,DON’T KNOW HOW TO REPORT
M,49,CITY,NO,WEAK,NO,YES,UN EMPLOYED,2-3 HOURS,YES,PHISHING,NO,NO,DON’T KNOW HOW TO REPORT
M,51,CITY,YES,WEAK,NO,YES,UN EMPLOYED,2-3 HOURS,YES,MONEY THEFT,NO,NO,DON’T KNOW HOW TO REPORT
M,52,CITY,YES,WEAK,NO,YES,UN EMPLOYED,2-3 HOURS,YES,MONEY THEFT,NO,YES,WAS AFRAID
M,53,CITY,YES,WEAK,NO,YES,UN EMPLOYED,2-3 HOURS,YES,MONEY THEFT,NO,YES,WAS AFRAID
M,54,CITY,YES,WEAK,NO,YES,UN EMPLOYED,2-3 HOURS,YES,MONEY THEFT,NO,NO,DON’T KNOW HOW TO REPORT
M,54,CITY,YES,WEAK,NO,YES,UN EMPLOYED,2-3 HOURS,YES,MONEY THEFT,NO,YES,WAS AFRAID
M,55,CITY,YES,WEAK,NO,YES,UN EMPLOYED,2-3 HOURS,YES,MONEY THEFT,NO,YES,WAS AFRAID
M,56,CITY,YES,WEAK,NO,YES,UN EMPLOYED,2-3 HOURS,YES,MONEY THEFT,NO,YES,WAS AFRAID
M,57,CITY,YES,WEAK,NO,YES,SELF EMPLOYED,2-3 HOURS,YES,MONEY THEFT,NO,YES,WAS AFRAID
M,58,CITY,YES,WEAK,NO,YES,SELF EMPLOYED,2-3 HOURS,YES,MONEY THEFT,NO,YES,WAS AFRAID
M,49,CITY,YES,WEAK,NO,YES,SELF EMPLOYED,2-3 HOURS,YES,MONEY THEFT,NO,YES,WAS AFRAID
M,60,CITY,YES,WEAK,NO,YES,SELF EMPLOYED,2-3 HOURS,YES,MONEY THEFT,NO,YES,WAS AFRAID
M,51,CITY,YES,WEAK,NO,YES,SELF EMPLOYED,2-3 HOURS,YES,MONEY THEFT,NO,YES,WAS AFRAID
M,52,CITY,YES,WEAK,NO,YES,SELF EMPLOYED,2-3 HOURS,YES,MONEY THEFT,NO,YES,WAS AFRAID
M,53,CITY,YES,WEAK,NO,YES,SELF EMPLOYED,2-3 HOURS,YES,PHISHING,NO,YES,WAS AFRAID
M,54,CITY,YES,WEAK,NO,YES,SELF EMPLOYED,2-3 HOURS,YES,MONEY THEFT,NO,YES,WAS AFRAID
M,54,CITY,YES,WEAK,NO,YES,SELF EMPLOYED,2-3 HOURS,YES,MONEY THEFT,NO,YES,WAS AFRAID
M,55,CITY,YES,WEAK,NO,YES,SELF EMPLOYED,2-3 HOURS,YES,MONEY THEFT,NO,NO,DON’T KNOW HOW TO REPORT
M,56,CITY,YES,WEAK,NO,YES,SELF EMPLOYED,2-3 HOURS,YES,MONEY THEFT,NO,YES,WAS AFRAID
M,57,CITY,YES,WEAK,NO,YES,SELF EMPLOYED,2-3 HOURS,YES,MONEY THEFT,NO,YES,WAS AFRAID
M,58,CITY,YES,WEAK,NO,YES,SELF EMPLOYED,2-3 HOURS,YES,MONEY THEFT,NO,YES,WAS AFRAID
M,49,CITY,YES,WEAK,NO,YES,SELF EMPLOYED,2-3 HOURS,YES,PHISHING,NO,YES,WAS AFRAID
M,60,CITY,YES,WEAK,NO,YES,SELF EMPLOYED,2-3 HOURS,YES,PHISHING,NO,YES,WAS AFRAID
M,51,CITY,YES,WEAK,NO,YES,SELF EMPLOYED,2-3 HOURS,YES,PHISHING,YES,NO,DON’T KNOW HOW TO REPORT
M,52,CITY,YES,WEAK,NO,YES,SELF EMPLOYED,2-3 HOURS,YES,PHISHING,YES,NO,DON’T KNOW HOW TO REPORT
M,53,CITY,YES,WEAK,NO,YES,SELF EMPLOYED,2-3 HOURS,YES,PHISHING,YES,NO,DON’T KNOW HOW TO REPORT
M,54,CITY,YES,WEAK,NO,YES,SELF EMPLOYED,2-3 HOURS,YES,PHISHING,YES,NO,DON’T KNOW HOW TO REPORT
M,54,CITY,YES,WEAK,NO,YES,SELF EMPLOYED,2-3 HOURS,YES,PHISHING,YES,YES,WAS AFRAID
M,55,CITY,YES,WEAK,NO,YES,SELF EMPLOYED,2-3 HOURS,YES,PHISHING,YES,YES,WAS AFRAID
M,56,CITY,YES,STRONG,YES,YES,SELF EMPLOYED,2-3 HOURS,YES,PHISHING,YES,YES,WAS AFRAID
M,57,CITY,YES,STRONG,YES,YES,SELF EMPLOYED,2-3 HOURS,YES,PHISHING,YES,YES,WAS AFRAID
M,58,CITY,YES,STRONG,NO,YES,SELF EMPLOYED,2-3 HOURS,YES,PHISHING,YES,YES,WAS AFRAID
M,49,CITY,NO,STRONG,NO,YES,UN EMPLOYED,2-3 HOURS,YES,MONEY THEFT,YES,YES,WAS AFRAID
M,60,CITY,NO,STRONG,NO,YES,UN EMPLOYED,LESS THAN 1 HOUR,YES,MONEY THEFT,NO,YES,WAS AFRAID
M,51,CITY,NO,STRONG,NO,YES,UN EMPLOYED,LESS THAN 1 HOUR,YES,MONEY THEFT,NO,YES,WAS AFRAID
M,52,CITY,NO,STRONG,NO,YES,UN EMPLOYED,LESS THAN 1 HOUR,YES,MONEY THEFT,NO,YES,WAS AFRAID
M,53,CITY,NO,STRONG,NO,YES,UN EMPLOYED,2-3 HOURS,YES,MONEY THEFT,NO,YES,WAS AFRAID
M,54,CITY,YES,STRONG,NO,YES,SELF EMPLOYED,LESS THAN 1 HOUR,YES,MONEY THEFT,NO,YES,WAS AFRAID
M,54,CITY,YES,STRONG,YES,YES,SELF EMPLOYED,LESS THAN 1 HOUR,YES,MONEY THEFT,NO,YES,WAS AFRAID
M,55,CITY,YES,STRONG,YES,YES,SELF EMPLOYED,LESS THAN 1 HOUR,YES,MONEY THEFT,NO,YES,WAS AFRAID
M,56,CITY,YES,STRONG,YES,YES,SELF EMPLOYED,2-3 HOURS,NO,NO,NA,NA,NA
M,57,CITY,NO,STRONG,YES,YES,UN EMPLOYED,2-3 HOURS,YES,MONEY THEFT,NO,YES,WAS AFRAID
M,58,CITY,NO,STRONG,YES,YES,UN EMPLOYED,2-3 HOURS,YES,MONEY THEFT,NO,YES,WAS AFRAID
M,49,CITY,NO,STRONG,YES,YES,UN EMPLOYED,2-3 HOURS,YES,MONEY THEFT,NO,NO,DON’T KNOW HOW TO REPORT
M,60,CITY,NO,STRONG,YES,YES,UN EMPLOYED,2-3 HOURS,YES,MONEY THEFT,NO,NO,DON’T KNOW HOW TO REPORT
M,51,CITY,NO,STRONG,YES,YES,SELF EMPLOYED,2-3 HOURS,YES,MONEY THEFT,NO,NO,DON’T KNOW HOW TO REPORT
M,52,CITY,NO,STRONG,YES,YES,SELF EMPLOYED,LESS THAN 1 HOUR,YES,MONEY THEFT,NO,NO,DON’T KNOW HOW TO REPORT
M,53,CITY,NO,STRONG,YES,YES,SELF EMPLOYED,LESS THAN 1 HOUR,YES,CYBER BULLYING,NO,NO,DON’T KNOW HOW TO REPORT
M,54,CITY,NO,STRONG,YES,YES,SELF EMPLOYED,LESS THAN 1 HOUR,YES,CYBER BULLYING,NO,NO,DON’T KNOW HOW TO REPORT
M,54,CITY,NO,WEAK,NO,YES,SELF EMPLOYED,LESS THAN 1 HOUR,YES,CYBER BULLYING,NO,NO,DON’T KNOW HOW TO REPORT
M,55,CITY,NO,WEAK,NO,YES,SELF EMPLOYED,LESS THAN 1 HOUR,YES,CYBER BULLYING,NO,NO,DON’T KNOW HOW TO REPORT
M,56,CITY,NO,WEAK,NO,YES,SELF EMPLOYED,LESS THAN 1 HOUR,YES,CYBER BULLYING,NO,NO,DON’T KNOW HOW TO REPORT
M,57,CITY,NO,WEAK,NO,YES,SELF EMPLOYED,LESS THAN 1 HOUR,YES,CYBER BULLYING,NO,NO,DON’T KNOW HOW TO REPORT
M,58,CITY,NO,WEAK,NO,YES,GOV/IT EMPLOYEE,LESS THAN 1 HOUR,YES,CYBER BULLYING,NO,NO,DON’T KNOW HOW TO REPORT
M,49,CITY,NO,WEAK,NO,YES,GOV/IT EMPLOYEE,LESS THAN 1 HOUR,YES,CYBER BULLYING,NO,NO,DON’T KNOW HOW TO REPORT
M,60,CITY,NO,WEAK,NO,YES,GOV/IT EMPLOYEE,2-3 HOURS,YES,CYBER BULLYING,NO,NO,DON’T KNOW HOW TO REPORT
M,51,CITY,NO,WEAK,NO,YES,GOV/IT EMPLOYEE,2-3 HOURS,YES,CYBER BULLYING,NO,NO,DON’T KNOW HOW TO REPORT
M,52,CITY,NO,WEAK,NO,YES,GOV/IT EMPLOYEE,2-3 HOURS,YES,PHISHING,NO,NO,DON’T KNOW HOW TO REPORT
M,53,CITY,NO,WEAK,NO,YES,GOV/IT EMPLOYEE,2-3 HOURS,YES,PHISHING,NO,NO,DON’T KNOW HOW TO REPORT
M,54,CITY,NO,WEAK,NO,YES,GOV/IT EMPLOYEE,2-3 HOURS,YES,PHISHING,NO,NO,DON’T KNOW HOW TO REPORT
M,54,CITY,NO,WEAK,NO,YES,GOV/IT EMPLOYEE,2-3 HOURS,YES,PHISHING,NO,NO,DON’T KNOW HOW TO REPORT
M,55,CITY,NO,WEAK,NO,YES,UN EMPLOYED,2-3 HOURS,YES,PHISHING,NO,NO,DON’T KNOW HOW TO REPORT
M,56,CITY,NO,WEAK,NO,YES,UN EMPLOYED,2-3 HOURS,YES,PHISHING,NO,NO,DON’T KNOW HOW TO REPORT
M,57,CITY,NO,WEAK,NO,YES,UN EMPLOYED,2-3 HOURS,YES,PHISHING,NO,NO,DON’T KNOW HOW TO REPORT
M,58,CITY,NO,WEAK,NO,YES,UN EMPLOYED,2-3 HOURS,YES,PHISHING,NO,NO,DON’T KNOW HOW TO REPORT
M,49,CITY,NO,WEAK,NO,YES,UN EMPLOYED,2-3 HOURS,YES,PHISHING,NO,NO,DON’T KNOW HOW TO REPORT
M,60,CITY,NO,WEAK,NO,YES,UN EMPLOYED,2-3 HOURS,YES,PHISHING,NO,NO,DON’T KNOW HOW TO REPORT
M,51,CITY,NO,WEAK,NO,YES,UN EMPLOYED,2-3 HOURS,YES,PHISHING,NO,NO,DON’T KNOW HOW TO REPORT
M,52,CITY,NO,WEAK,NO,YES,UN EMPLOYED,2-3 HOURS,YES,PHISHING,NO,NO,DON’T KNOW HOW TO REPORT
M,53,CITY,NO,WEAK,NO,YES,UN EMPLOYED,2-3 HOURS,YES,PHISHING,NO,NO,DON’T KNOW HOW TO REPORT
M,54,CITY,NO,WEAK,NO,YES,SELF EMPLOYED,2-3 HOURS,YES,PHISHING,NO,NO,DON’T KNOW HOW TO REPORT
M,54,CITY,NO,WEAK,NO,YES,SELF EMPLOYED,2-3 HOURS,YES,PHISHING,NO,NO,DON’T KNOW HOW TO REPORT
M,55,CITY,NO,WEAK,NO,YES,SELF EMPLOYED,2-3 HOURS,YES,PHISHING,NO,NO,DON’T KNOW HOW TO REPORT
M,56,CITY,NO,WEAK,NO,YES,SELF EMPLOYED,2-3 HOURS,YES,PHISHING,NO,NO,WAS AFRAID
M,57,CITY,NO,WEAK,NO,YES,UN EMPLOYED,2-3 HOURS,YES,PHISHING,NO,NO,WAS AFRAID
M,58,CITY,NO,WEAK,NO,YES,UN EMPLOYED,2-3 HOURS,YES,PHISHING,NO,NO,WAS AFRAID
M,49,CITY,NO,WEAK,NO,YES,UN EMPLOYED,2-3 HOURS,YES,PHISHING,NO,NO,WAS AFRAID
M,60,CITY,NO,WEAK,NO,YES,UN EMPLOYED,2-3 HOURS,YES,PHISHING,NO,NO,WAS AFRAID
M,51,CITY,NO,WEAK,NO,YES,UN EMPLOYED,GREATER THAN 3 HOURS,YES,PHISHING,NO,YES,WAS AFRAID
M,52,CITY,NO,WEAK,NO,YES,UN EMPLOYED,GREATER THAN 3 HOURS,YES,PHISHING,NO,YES,WAS AFRAID
M,53,CITY,NO,WEAK,NO,YES,UN EMPLOYED,GREATER THAN 3 HOURS,YES,PHISHING,NO,NO,WAS AFRAID
M,54,CITY,NO,WEAK,NO,YES,UN EMPLOYED,GREATER THAN 3 HOURS,YES,PHISHING,NO,YES,WAS AFRAID
M,54,CITY,NO,WEAK,NO,YES,UN EMPLOYED,GREATER THAN 3 HOURS,YES,PHISHING,NO,YES,WAS AFRAID
M,55,CITY,NO,WEAK,NO,YES,UN EMPLOYED,GREATER THAN 3 HOURS,YES,PHISHING,NO,YES,WAS AFRAID
M,56,CITY,NO,WEAK,NO,YES,UN EMPLOYED,GREATER THAN 3 HOURS,YES,MONEY THEFT,NO,YES,WAS AFRAID
M,57,CITY,NO,STRONG,YES,YES,UN EMPLOYED,GREATER THAN 3 HOURS,YES,MONEY THEFT,NO,YES,WAS AFRAID
M,58,CITY,NO,STRONG,NO,YES,UN EMPLOYED,GREATER THAN 3 HOURS,YES,MONEY THEFT,NO,YES,WAS AFRAID
M,49,CITY,NO,STRONG,YES,YES,UN EMPLOYED,GREATER THAN 3 HOURS,YES,MONEY THEFT,NO,YES,WAS AFRAID
M,60,CITY,NO,STRONG,YES,YES,UN EMPLOYED,GREATER THAN 3 HOURS,YES,MONEY THEFT,NO,YES,WAS AFRAID
M,64,CITY,NO,STRONG,YES,YES,UN EMPLOYED,GREATER THAN 3 HOURS,NO,NO,NA,NA,NA
M,68,CITY,NO,STRONG,YES,YES,UN EMPLOYED,GREATER THAN 3 HOURS,NO,NO,NA,NA,NA
M,69,CITY,NO,STRONG,YES,YES,UN EMPLOYED,GREATER THAN 3 HOURS,NO,NO,NA,NA,NA
M,60,CITY,NO,STRONG,YES,YES,UN EMPLOYED,GREATER THAN 3 HOURS,YES,MONEY THEFT,YES,YES,WAS AFRAID
M,60,CITY,NO,WEAK,NO,YES,UN EMPLOYED,GREATER THAN 3 HOURS,YES,MONEY THEFT,YES,NO,WAS AFRAID
M,61,CITY,NO,WEAK,NO,YES,UN EMPLOYED,GREATER THAN 3 HOURS,NO,NO,NA,NA,NA
M,62,CITY,NO,WEAK,NO,YES,UN EMPLOYED,GREATER THAN 3 HOURS,NO,NO,NA,NA,NA
M,63,CITY,NO,WEAK,NO,YES,UN EMPLOYED,GREATER THAN 3 HOURS,NO,NO,NA,NA,NA
M,65,CITY,NO,WEAK,NO,YES,UN EMPLOYED,GREATER THAN 3 HOURS,NO,NO,NA,NA,NA
M,70,CITY,NO,WEAK,NO,YES,UN EMPLOYED,GREATER THAN 3 HOURS,NO,NO,NA,NA,NA
M,73,CITY,NO,WEAK,NO,YES,UN EMPLOYED,GREATER THAN 3 HOURS,NO,NO,NA,NA,NA
M,64,CITY,NO,WEAK,NO,YES,UN EMPLOYED,GREATER THAN 3 HOURS,NO,NO,NA,NA,NA
M,68,CITY,NO,WEAK,NO,YES,UN EMPLOYED,GREATER THAN 3 HOURS,NO,NO,NA,NA,NA
M,66,CITY,NO,WEAK,NO,YES,UN EMPLOYED,GREATER THAN 3 HOURS,NO,NO,NA,NA,NA
M,74,CITY,NO,WEAK,NO,YES,UN EMPLOYED,GREATER THAN 3 HOURS,NO,NO,NA,NA,NA
M,70,CITY,NO,WEAK,NO,YES,UN EMPLOYED,GREATER THAN 3 HOURS,NO,NO,NA,NA,NA
M,65,CITY,NO,WEAK,NO,YES,UN EMPLOYED,GREATER THAN 3 HOURS,NO,NO,NA,NA,NA
M,64,CITY,NO,STRONG,YES,YES,UN EMPLOYED,GREATER THAN 3 HOURS,YES,MONEY THEFT,YES,YES,WAS AFRAID
M,68,CITY,NO,STRONG,YES,YES,UN EMPLOYED,GREATER THAN 3 HOURS,YES,MONEY THEFT,YES,YES,WAS AFRAID
M,69,CITY,NO,STRONG,YES,YES,UN EMPLOYED,GREATER THAN 3 HOURS,NO,NO,NA,NA,NA
M,60,CITY,NO,STRONG,YES,YES,UN EMPLOYED,GREATER THAN 3 HOURS,NO,NO,NA,NA,NA
M,60,CITY,NO,STRONG,YES,YES,UN EMPLOYED,GREATER THAN 3 HOURS,NO,NO,NA,NA,NA
M,61,CITY,NO,STRONG,NO,YES,UN EMPLOYED,GREATER THAN 3 HOURS,NO,NO,NA,NA,NA
M,62,CITY,NO,STRONG,YES,YES,UN EMPLOYED,GREATER THAN 3 HOURS,NO,NO,NA,NA,NA
M,63,CITY,NO,STRONG,YES,YES,UN EMPLOYED,GREATER THAN 3 HOURS,NO,NO,NA,NA,NA
M,65,CITY,NO,WEAK,NO,YES,UN EMPLOYED,GREATER THAN 3 HOURS,NO,NO,NA,NA,NA
M,70,CITY,NO,WEAK,NO,YES,UN EMPLOYED,GREATER THAN 3 HOURS,NO,NO,NA,NA,NA
M,73,CITY,NO,WEAK,NO,YES,UN EMPLOYED,GREATER THAN 3 HOURS,YES,MONEY THEFT,NO,YES,WAS AFRAID
M,64,CITY,NO,WEAK,NO,YES,UN EMPLOYED,GREATER THAN 3 HOURS,YES,MONEY THEFT,NO,YES,WAS AFRAID
M,68,CITY,NO,WEAK,NO,YES,UN EMPLOYED,GREATER THAN 3 HOURS,NO,NO,NA,NA,NA
M,66,CITY,NO,WEAK,NO,YES,UN EMPLOYED,GREATER THAN 3 HOURS,NO,NO,NA,NA,NA
M,74,CITY,NO,WEAK,NO,YES,UN EMPLOYED,GREATER THAN 3 HOURS,NO,NO,NA,NA,NA
M,70,CITY,NO,WEAK,NO,YES,UN EMPLOYED,GREATER THAN 3 HOURS,NO,NO,NA,NA,NA
M,65,CITY,NO,WEAK,NO,YES,UN EMPLOYED,2-3 HOURS,YES,MONEY THEFT,NO,NO,WAS AFRAID
M,64,CITY,NO,WEAK,NO,YES,UN EMPLOYED,2-3 HOURS,YES,MONEY THEFT,NO,NO,WAS AFRAID
M,68,CITY,NO,WEAK,NO,YES,UN EMPLOYED,2-3 HOURS,YES,MONEY THEFT,NO,NO,WAS AFRAID
M,69,CITY,NO,WEAK,NO,YES,UN EMPLOYED,2-3 HOURS,YES,MONEY THEFT,NO,NO,WAS AFRAID
M,60,CITY,NO,WEAK,NO,YES,UN EMPLOYED,LESS THAN 1 HOUR,YES,MONEY THEFT,NO,NO,WAS AFRAID
M,60,CITY,NO,WEAK,NO,YES,UN EMPLOYED,LESS THAN 1 HOUR,YES,MONEY THEFT,NO,NO,DON’T KNOW HOW TO REPORT
M,61,CITY,NO,WEAK,NO,YES,SELF EMPLOYED,LESS THAN 1 HOUR,YES,MONEY THEFT,NO,NO,DON’T KNOW HOW TO REPORT
M,62,VILLAGE,NO,WEAK,NO,YES,SELF EMPLOYED,LESS THAN 1 HOUR,YES,MONEY THEFT,NO,NO,DON’T KNOW HOW TO REPORT
M,63,VILLAGE,NO,WEAK,NO,YES,SELF EMPLOYED,LESS THAN 1 HOUR,YES,MONEY THEFT,NO,NO,DON’T KNOW HOW TO REPORT
M,65,VILLAGE,NO,WEAK,NO,YES,SELF EMPLOYED,LESS THAN 1 HOUR,YES,MONEY THEFT,NO,NO,DON’T KNOW HOW TO REPORT
M,70,VILLAGE,NO,WEAK,NO,YES,SELF EMPLOYED,LESS THAN 1 HOUR,YES,MONEY THEFT,NO,NO,DON’T KNOW HOW TO REPORT
M,73,VILLAGE,NO,WEAK,NO,YES,SELF EMPLOYED,LESS THAN 1 HOUR,YES,MONEY THEFT,NO,NO,DON’T KNOW HOW TO REPORT
M,64,VILLAGE,NO,WEAK,NO,YES,SELF EMPLOYED,LESS THAN 1 HOUR,YES,MONEY THEFT,NO,NO,DON’T KNOW HOW TO REPORT
M,68,VILLAGE,NO,WEAK,NO,YES,SELF EMPLOYED,2-3 HOURS,NO,NO,NA,NA,NA
M,66,VILLAGE,NO,WEAK,NO,YES,SELF EMPLOYED,2-3 HOURS,NO,NO,NA,NA,NA
M,74,VILLAGE,NO,WEAK,NO,YES,SELF EMPLOYED,2-3 HOURS,NO,NO,NA,NA,NA
M,70,VILLAGE,NO,WEAK,NO,YES,SELF EMPLOYED,2-3 HOURS,NO,NO,NA,NA,NA
M,65,VILLAGE,NO,WEAK,NO,YES,SELF EMPLOYED,2-3 HOURS,NO,NO,NA,NA,NA
M,64,VILLAGE,NO,WEAK,NO,YES,SELF EMPLOYED,2-3 HOURS,NO,NO,NA,NA,NA
M,68,CITY,NO,WEAK,NO,YES,SELF EMPLOYED,2-3 HOURS,NO,NO,NA,NA,NA
M,69,CITY,NO,WEAK,NO,YES,SELF EMPLOYED,2-3 HOURS,NO,NO,NA,NA,NA
M,60,CITY,YES,WEAK,NO,YES,SELF EMPLOYED,2-3 HOURS,YES,MONEY THEFT,YES,NO,WAS AFRAID
M,60,CITY,YES,WEAK,NO,YES,SELF EMPLOYED,2-3 HOURS,YES,MONEY THEFT,YES,NO,WAS AFRAID
M,61,CITY,YES,WEAK,NO,YES,SELF EMPLOYED,2-3 HOURS,YES,MONEY THEFT,YES,NO,WAS AFRAID
M,62,CITY,YES,WEAK,NO,YES,UN EMPLOYED,2-3 HOURS,YES,MONEY THEFT,YES,NO,WAS AFRAID
M,63,CITY,YES,WEAK,NO,YES,UN EMPLOYED,2-3 HOURS,YES,MONEY THEFT,YES,NO,WAS AFRAID
M,65,CITY,YES,WEAK,NO,YES,UN EMPLOYED,2-3 HOURS,YES,MONEY THEFT,YES,NO,WAS AFRAID
M,70,CITY,YES,WEAK,NO,YES,UN EMPLOYED,2-3 HOURS,YES,MONEY THEFT,YES,NO,WAS AFRAID
M,73,CITY,YES,WEAK,NO,YES,UN EMPLOYED,2-3 HOURS,YES,MONEY THEFT,YES,NO,WAS AFRAID
M,64,CITY,YES,WEAK,NO,YES,UN EMPLOYED,2-3 HOURS,YES,MONEY THEFT,YES,NO,WAS AFRAID
M,68,CITY,YES,WEAK,NO,YES,UN EMPLOYED,2-3 HOURS,YES,MONEY THEFT,YES,NO,WAS AFRAID
M,66,CITY,YES,WEAK,NO,YES,UN EMPLOYED,2-3 HOURS,YES,MONEY THEFT,YES,YES,WAS AFRAID
M,74,CITY,YES,WEAK,NO,YES,UN EMPLOYED,2-3 HOURS,YES,MONEY THEFT,YES,YES,WAS AFRAID
M,70,CITY,YES,WEAK,NO,YES,UN EMPLOYED,2-3 HOURS,YES,MONEY THEFT,YES,YES,WAS AFRAID
M,65,CITY,YES,WEAK,NO,YES,UN EMPLOYED,2-3 HOURS,YES,MONEY THEFT,YES,YES,WAS AFRAID